enrollment_id,student_id,course_id,enrollment_date
1,169,21,20-05-2025
2,237,25,17-10-2024
3,936,39,15-11-2024
4,1408,29,19-08-2024
5,1135,27,24-10-2024
6,1752,28,12-07-2024
7,1755,5,02-05-2025
8,1924,24,02-07-2024
9,27,32,17-04-2024
10,812,29,19-06-2025
11,1349,6,02-05-2024
12,294,26,14-02-2025
13,1424,38,14-04-2024
14,1519,11,07-03-2024
15,745,13,12-12-2024
16,411,39,17-02-2025
17,252,15,10-03-2025
18,1486,32,12-10-2024
19,1567,38,30-08-2025
20,560,26,30-12-2024
21,975,39,18-02-2025
22,993,33,12-10-2024
23,302,30,20-04-2024
24,251,17,16-05-2025
25,1019,15,05-10-2025
26,1931,9,31-01-2024
27,204,4,10-03-2024
28,1021,2,02-07-2024
29,784,39,30-11-2024
30,313,20,28-09-2025
31,1277,7,19-03-2024
32,1354,34,19-05-2025
33,1624,30,25-07-2024
34,602,32,17-05-2025
35,1034,17,09-07-2025
36,704,35,13-07-2025
37,37,3,16-03-2025
38,1803,8,27-01-2025
39,922,21,20-01-2025
40,907,30,06-02-2024
41,68,12,24-07-2025
42,1351,20,17-06-2024
43,1007,28,17-05-2024
44,640,25,14-05-2025
45,1565,8,05-08-2025
46,1383,32,21-07-2025
47,1404,35,08-08-2025
48,963,31,29-07-2025
49,1750,11,02-06-2025
50,115,26,26-09-2024
51,1014,38,21-01-2025
52,1264,23,18-10-2024
53,657,4,29-01-2024
54,1210,3,11-05-2024
55,1715,24,23-12-2024
56,1658,38,28-01-2024
57,1568,22,24-01-2025
58,200,28,19-12-2024
59,732,27,25-12-2024
60,116,16,10-09-2024
61,481,20,29-08-2025
62,174,5,08-11-2024
63,235,22,22-06-2024
64,41,35,29-11-2024
65,77,30,04-11-2025
66,1769,28,04-08-2025
67,1055,27,30-09-2024
68,42,31,25-08-2025
69,46,21,21-01-2025
70,1169,25,26-11-2024
71,1173,7,15-05-2025
72,205,14,10-12-2024
73,1018,33,13-12-2024
74,342,40,02-11-2024
75,745,28,25-07-2024
76,1018,5,02-07-2025
77,439,19,28-09-2024
78,98,20,10-08-2025
79,824,15,01-10-2025
80,1522,6,15-08-2025
81,195,38,10-12-2024
82,560,5,03-08-2025
83,1641,34,01-05-2025
84,875,14,21-12-2024
85,1630,5,29-10-2025
86,1688,20,31-05-2025
87,1647,20,19-03-2025
88,1359,35,16-11-2024
89,410,27,15-02-2025
90,515,40,11-06-2025
91,929,36,03-07-2024
92,1805,2,04-10-2025
93,1441,34,10-07-2024
94,1182,32,06-08-2024
95,1354,30,01-10-2024
96,1920,35,21-09-2025
97,1747,28,02-08-2025
98,1489,4,18-06-2025
99,411,24,18-04-2025
100,303,16,03-06-2024
101,1529,20,21-03-2025
102,841,21,06-03-2024
103,1299,14,26-02-2025
104,547,19,23-10-2025
105,329,17,07-09-2025
106,484,26,01-09-2024
107,233,10,15-07-2024
108,57,16,13-11-2024
109,951,32,27-07-2025
110,894,28,24-10-2025
111,1855,3,25-07-2024
112,327,18,19-05-2024
113,60,17,11-10-2024
114,1349,36,29-06-2024
115,1320,3,12-05-2025
116,1603,2,26-02-2024
117,1761,6,17-11-2024
118,1233,20,06-03-2024
119,1845,27,07-01-2025
120,1376,6,10-02-2025
121,1932,9,29-08-2024
122,230,37,27-05-2025
123,1911,8,18-06-2025
124,1361,38,21-06-2025
125,516,32,02-04-2024
126,488,39,05-05-2024
127,1584,21,03-12-2024
128,1705,38,03-02-2025
129,1651,16,09-03-2025
130,447,10,19-04-2024
131,359,14,08-10-2024
132,901,27,17-09-2024
133,1768,38,27-02-2024
134,1005,35,18-01-2025
135,1433,8,20-11-2024
136,1118,28,01-05-2025
137,1399,16,11-10-2024
138,1802,10,06-01-2025
139,974,24,11-11-2024
140,44,39,05-02-2024
141,1724,4,02-09-2024
142,519,36,28-01-2025
143,634,24,04-05-2024
144,1096,16,29-03-2025
145,796,1,06-02-2025
146,1900,17,04-11-2024
147,185,16,31-10-2024
148,431,11,25-03-2025
149,1294,21,21-10-2025
150,833,3,07-10-2024
151,1775,6,18-05-2025
152,965,27,06-12-2024
153,1470,28,12-04-2024
154,1689,11,24-09-2024
155,1037,5,26-12-2024
156,862,39,14-07-2025
157,1511,21,09-04-2025
158,1424,2,23-02-2024
159,1314,12,07-10-2025
160,909,9,04-01-2024
161,821,13,05-10-2025
162,626,21,12-08-2025
163,169,8,10-06-2024
164,512,34,26-10-2025
165,1563,9,31-08-2025
166,1405,27,23-11-2024
167,925,31,16-05-2024
168,534,12,30-08-2025
169,1694,21,15-10-2024
170,407,6,28-02-2025
171,753,12,06-02-2025
172,1795,25,07-08-2025
173,460,2,24-01-2024
174,1891,36,24-10-2025
175,1254,15,01-04-2024
176,1996,30,22-07-2024
177,537,11,20-02-2024
178,822,40,15-03-2025
179,1230,17,01-06-2024
180,183,24,23-06-2024
181,1940,37,30-04-2024
182,29,34,21-03-2025
183,1584,30,21-05-2025
184,243,15,27-07-2024
185,391,18,21-10-2024
186,1529,32,26-01-2025
187,267,28,30-07-2024
188,1229,14,16-10-2024
189,1489,13,04-03-2025
190,370,27,29-05-2024
191,59,19,25-09-2024
192,483,40,06-04-2025
193,1859,16,13-01-2025
194,1194,30,28-03-2024
195,22,31,16-05-2024
196,1785,21,11-02-2025
197,1407,14,27-01-2025
198,1451,28,03-09-2025
199,525,5,07-04-2024
200,1141,4,23-02-2024
201,682,16,27-04-2025
202,1861,23,12-09-2025
203,1924,39,16-02-2024
204,11,17,31-05-2025
205,1270,25,05-11-2024
206,809,24,15-05-2024
207,1983,36,12-02-2024
208,1189,12,23-09-2024
209,348,33,19-05-2025
210,1906,22,24-04-2025
211,271,6,20-11-2024
212,1455,34,19-03-2025
213,291,17,29-04-2024
214,642,3,10-05-2024
215,1023,18,04-01-2025
216,1897,28,16-10-2024
217,1849,17,19-09-2025
218,1699,17,13-06-2025
219,642,28,17-06-2024
220,647,32,03-06-2024
221,1139,29,24-02-2024
222,387,10,25-02-2024
223,471,12,06-02-2024
224,964,17,16-06-2024
225,1446,30,22-03-2025
226,238,32,11-02-2024
227,905,23,28-07-2025
228,994,30,19-05-2025
229,231,10,06-05-2024
230,716,6,27-07-2024
231,1779,19,03-07-2024
232,1710,11,04-06-2025
233,1685,18,30-07-2025
234,1825,38,05-08-2024
235,1196,1,22-06-2025
236,1571,37,03-07-2024
237,853,5,09-09-2024
238,1574,32,06-04-2024
239,1818,22,27-01-2024
240,583,8,07-02-2025
241,766,38,18-04-2024
242,1715,21,06-06-2024
243,60,6,16-04-2025
244,1702,31,09-04-2025
245,1287,18,31-08-2025
246,1348,1,03-12-2024
247,1987,3,02-11-2025
248,1275,29,28-11-2024
249,1941,37,12-05-2024
250,433,4,21-10-2025
251,580,21,26-02-2024
252,1524,5,14-07-2025
253,1950,39,25-01-2025
254,190,26,18-09-2024
255,365,16,12-02-2025
256,183,2,01-08-2024
257,334,25,16-02-2025
258,584,10,03-05-2024
259,612,32,18-03-2025
260,1508,20,09-09-2025
261,269,23,08-04-2024
262,1705,24,08-06-2025
263,410,32,01-04-2025
264,1814,25,02-05-2025
265,550,37,06-09-2025
266,867,6,08-03-2025
267,1661,24,20-09-2025
268,382,28,07-10-2025
269,873,6,11-02-2024
270,1052,22,19-04-2025
271,1386,15,25-10-2025
272,1406,10,22-05-2025
273,1080,34,26-03-2024
274,596,30,23-03-2025
275,163,31,03-11-2024
276,305,9,03-11-2024
277,1724,16,19-06-2025
278,876,19,05-08-2025
279,98,36,19-03-2024
280,1879,3,09-06-2025
281,221,33,11-03-2025
282,846,7,20-04-2025
283,1354,37,16-09-2024
284,728,17,22-08-2025
285,168,33,17-01-2024
286,234,30,02-07-2024
287,1611,12,06-02-2025
288,93,6,02-03-2025
289,1796,20,17-11-2024
290,1203,30,05-04-2025
291,1278,17,15-12-2024
292,1980,12,04-08-2024
293,380,6,10-09-2025
294,532,7,20-03-2025
295,1095,2,06-01-2024
296,809,8,14-01-2024
297,352,31,16-04-2025
298,1417,26,04-11-2025
299,1978,39,13-05-2025
300,621,40,23-09-2025
301,739,26,05-11-2024
302,180,9,18-05-2024
303,29,13,24-04-2024
304,1672,2,11-07-2024
305,1760,2,02-08-2024
306,986,10,27-10-2025
307,496,28,03-10-2025
308,1758,35,14-07-2024
309,177,20,19-04-2025
310,304,31,08-03-2025
311,45,8,19-06-2024
312,1849,10,31-03-2025
313,1974,32,27-04-2025
314,41,29,22-08-2025
315,497,13,28-10-2024
316,1167,26,22-02-2024
317,684,1,15-04-2024
318,1292,28,01-03-2025
319,1738,32,15-08-2025
320,1221,36,24-10-2024
321,76,32,13-02-2025
322,996,33,28-08-2025
323,1485,40,14-05-2025
324,475,4,24-06-2025
325,39,28,13-08-2025
326,647,36,06-03-2024
327,549,27,29-04-2025
328,240,32,29-09-2025
329,1923,23,04-04-2025
330,1429,28,22-01-2024
331,331,19,15-07-2024
332,962,23,24-03-2025
333,476,33,12-08-2024
334,1204,22,08-09-2025
335,1748,30,14-05-2024
336,1809,19,03-02-2025
337,1966,27,30-10-2025
338,1505,24,28-04-2025
339,1638,11,28-09-2025
340,425,19,29-03-2024
341,1367,31,12-05-2024
342,355,13,09-06-2024
343,1241,32,13-04-2024
344,1626,27,20-05-2025
345,622,16,02-08-2024
346,1141,4,19-01-2024
347,735,17,31-12-2024
348,1387,11,27-06-2024
349,1696,33,02-02-2024
350,1653,5,11-12-2024
351,882,8,24-09-2025
352,465,8,29-07-2025
353,459,32,21-09-2024
354,697,23,17-02-2024
355,1578,36,30-09-2024
356,1836,10,11-06-2025
357,1238,7,21-02-2024
358,1898,29,13-04-2025
359,1972,8,18-04-2024
360,1601,40,16-09-2025
361,1602,7,29-07-2025
362,86,33,17-04-2024
363,343,8,29-07-2024
364,1866,24,09-06-2024
365,1492,19,28-03-2025
366,1561,33,25-05-2025
367,1501,7,06-06-2024
368,1326,24,08-12-2024
369,1678,9,05-05-2024
370,1738,13,25-03-2025
371,1986,27,07-01-2024
372,503,31,15-12-2024
373,588,33,24-06-2024
374,175,18,16-01-2025
375,1465,27,04-01-2025
376,1290,16,04-06-2024
377,1543,34,07-03-2025
378,1613,15,21-05-2024
379,1643,28,27-02-2025
380,1881,27,14-04-2025
381,1950,34,05-01-2025
382,1933,2,29-03-2025
383,299,1,13-06-2025
384,1933,5,27-03-2024
385,693,21,15-02-2025
386,1582,11,20-03-2025
387,126,26,07-02-2024
388,1353,10,11-08-2025
389,119,34,29-10-2024
390,859,26,20-07-2025
391,1790,20,17-11-2024
392,1863,23,09-01-2024
393,1694,18,24-06-2025
394,1251,10,17-02-2025
395,914,14,11-07-2025
396,1279,40,29-10-2025
397,906,23,26-10-2025
398,829,13,04-11-2024
399,173,3,04-07-2025
400,686,25,09-05-2024
401,1066,35,17-10-2024
402,438,6,07-06-2025
403,1131,20,17-06-2025
404,698,11,24-01-2024
405,58,35,29-08-2025
406,530,16,07-11-2024
407,1488,28,01-06-2025
408,227,4,16-01-2025
409,532,33,28-12-2024
410,254,4,28-10-2025
411,1928,8,04-04-2025
412,611,37,06-01-2024
413,929,22,29-08-2024
414,1650,38,02-08-2025
415,1464,35,01-09-2025
416,479,23,02-11-2024
417,583,37,23-05-2024
418,1463,25,16-06-2025
419,1511,16,17-04-2024
420,672,34,19-08-2025
421,395,24,10-04-2025
422,201,10,11-03-2025
423,1697,27,24-03-2024
424,189,4,11-03-2025
425,1820,9,02-05-2025
426,440,29,20-03-2024
427,757,34,16-02-2025
428,1205,36,15-06-2025
429,1596,26,27-09-2024
430,1197,32,13-10-2025
431,868,29,16-05-2025
432,1499,27,15-06-2024
433,296,33,10-05-2024
434,993,30,12-05-2024
435,1983,33,25-06-2025
436,242,14,11-04-2025
437,970,3,09-06-2024
438,1934,36,13-01-2025
439,1888,8,08-09-2025
440,1746,27,22-04-2024
441,248,24,08-08-2025
442,594,3,19-06-2025
443,314,8,15-01-2025
444,625,24,06-11-2024
445,603,32,29-01-2024
446,1621,10,25-05-2024
447,1606,38,07-03-2025
448,100,20,17-10-2024
449,442,12,15-05-2025
450,5,8,14-07-2025
451,715,5,15-02-2024
452,856,31,09-08-2025
453,635,37,08-04-2025
454,1844,22,21-01-2025
455,974,39,15-05-2024
456,1561,9,31-05-2025
457,1304,30,05-04-2025
458,1367,29,01-06-2024
459,1775,21,01-04-2024
460,1639,40,30-09-2025
461,839,25,26-08-2024
462,1844,26,13-12-2024
463,1108,3,29-03-2025
464,1508,18,23-10-2025
465,182,11,26-01-2024
466,1172,20,28-07-2025
467,1322,8,21-10-2025
468,1146,6,16-07-2024
469,1957,40,08-07-2025
470,1182,4,06-08-2025
471,1069,13,02-05-2025
472,1030,2,03-05-2024
473,1349,35,03-07-2024
474,1971,2,08-10-2024
475,1612,14,08-09-2024
476,1700,38,30-03-2025
477,174,35,13-09-2025
478,657,26,26-08-2025
479,93,32,24-01-2024
480,697,28,03-07-2024
481,850,2,24-06-2025
482,650,25,20-09-2024
483,187,8,11-04-2024
484,1110,11,19-10-2024
485,295,12,18-09-2024
486,1574,6,06-06-2024
487,629,27,22-06-2024
488,121,40,29-11-2024
489,372,2,29-02-2024
490,611,25,11-04-2024
491,656,10,26-02-2025
492,1829,21,21-09-2024
493,770,8,23-02-2024
494,415,16,03-09-2025
495,1201,16,19-05-2025
496,1042,33,29-01-2025
497,1945,8,02-10-2024
498,125,21,20-04-2025
499,1133,27,08-03-2024
500,992,2,21-02-2025
501,1298,15,20-01-2024
502,552,36,23-08-2025
503,1383,7,09-09-2024
504,1563,36,29-10-2025
505,1609,9,07-11-2024
506,1164,27,01-04-2025
507,172,33,27-07-2024
508,1604,10,17-01-2025
509,1107,11,08-09-2024
510,1101,28,22-07-2025
511,926,3,02-01-2024
512,1665,30,27-09-2025
513,593,11,01-01-2024
514,124,31,06-10-2024
515,1225,17,24-01-2025
516,720,14,22-08-2025
517,1722,33,15-10-2024
518,94,11,30-06-2025
519,1154,5,03-11-2024
520,184,26,05-05-2024
521,1701,9,23-07-2025
522,573,28,03-08-2024
523,1251,33,21-11-2024
524,1811,22,12-10-2025
525,536,29,06-10-2024
526,504,21,15-12-2024
527,432,30,05-09-2025
528,673,2,16-05-2024
529,1324,1,15-09-2025
530,976,1,10-01-2024
531,1378,12,27-02-2025
532,1139,32,06-02-2025
533,1103,6,26-10-2025
534,1334,5,05-07-2025
535,64,29,06-05-2024
536,723,25,07-09-2025
537,734,25,30-06-2024
538,1719,1,07-05-2024
539,948,24,16-07-2024
540,911,1,14-08-2024
541,1522,2,14-10-2024
542,1394,23,15-07-2024
543,185,40,02-10-2025
544,621,15,27-08-2024
545,1012,24,07-02-2024
546,575,32,12-09-2025
547,429,1,19-07-2024
548,1682,26,23-04-2024
549,1782,18,05-08-2025
550,1025,32,23-06-2024
551,1131,13,02-08-2025
552,1377,39,01-08-2025
553,360,5,25-08-2025
554,263,5,10-05-2024
555,532,37,21-08-2024
556,1805,34,07-10-2024
557,393,2,29-06-2025
558,1259,17,27-07-2025
559,1809,30,03-01-2024
560,1921,28,18-10-2025
561,1379,4,26-11-2024
562,886,27,07-10-2024
563,250,34,22-04-2025
564,1015,24,13-06-2025
565,1555,3,17-08-2024
566,97,18,06-03-2025
567,1091,29,19-11-2024
568,11,26,18-07-2024
569,686,6,08-08-2025
570,1655,2,19-08-2024
571,1413,28,17-03-2024
572,1879,16,20-07-2024
573,337,22,14-11-2024
574,129,7,29-01-2024
575,983,28,25-01-2024
576,1214,22,13-09-2024
577,507,7,29-04-2025
578,489,22,25-02-2024
579,1683,22,16-06-2025
580,1627,16,15-03-2024
581,1589,39,26-09-2025
582,899,7,02-10-2025
583,915,38,07-05-2024
584,176,4,04-02-2024
585,773,21,07-03-2024
586,1603,9,04-03-2024
587,1883,29,26-02-2024
588,618,40,03-10-2025
589,885,5,14-04-2024
590,1388,4,26-07-2025
591,107,19,25-01-2025
592,823,7,24-09-2025
593,1541,27,26-08-2024
594,1771,39,30-09-2025
595,22,30,28-01-2025
596,951,28,27-09-2025
597,1269,7,13-12-2024
598,1334,2,09-04-2025
599,1060,22,24-08-2025
600,395,7,15-04-2024
601,26,39,10-03-2024
602,1215,13,09-08-2025
603,259,33,19-09-2024
604,728,27,07-05-2025
605,1485,40,31-03-2025
606,381,16,20-05-2024
607,1633,3,02-03-2024
608,262,20,21-08-2025
609,893,33,29-10-2025
610,1545,23,14-11-2024
611,1196,35,29-05-2024
612,302,31,12-11-2024
613,1236,22,25-10-2024
614,756,1,14-06-2025
615,1202,10,28-02-2024
616,487,33,26-07-2025
617,1759,4,08-03-2025
618,705,13,24-07-2024
619,1312,13,11-03-2024
620,700,13,02-05-2025
621,1423,30,06-09-2025
622,1419,22,15-08-2025
623,1160,22,22-09-2025
624,614,27,02-12-2024
625,333,7,10-04-2025
626,1795,3,22-05-2025
627,450,1,16-10-2025
628,457,15,22-04-2025
629,1278,14,01-09-2024
630,985,22,19-01-2025
631,421,26,07-07-2024
632,1692,1,06-01-2025
633,21,5,01-01-2025
634,62,36,27-04-2024
635,292,19,26-03-2025
636,399,38,03-01-2025
637,90,2,22-07-2024
638,406,19,27-06-2024
639,449,17,27-06-2024
640,696,36,08-09-2024
641,366,13,23-01-2024
642,361,17,13-04-2024
643,43,9,23-01-2025
644,1342,8,12-12-2024
645,1918,14,08-11-2024
646,935,16,13-01-2025
647,1658,24,24-06-2024
648,1928,34,30-09-2025
649,1806,28,07-03-2024
650,243,10,13-05-2024
651,1628,13,15-07-2024
652,1091,25,18-01-2025
653,652,39,15-03-2025
654,1303,16,17-02-2024
655,1563,40,24-08-2025
656,388,35,28-10-2024
657,1618,10,01-12-2024
658,507,4,06-10-2025
659,1630,18,09-05-2024
660,1744,33,21-08-2025
661,1815,32,02-08-2024
662,1490,6,26-04-2025
663,1620,40,07-03-2024
664,343,33,01-02-2025
665,1539,33,18-01-2025
666,1022,34,20-04-2025
667,367,21,17-01-2025
668,1077,31,21-05-2025
669,971,18,18-08-2025
670,822,38,27-10-2025
671,75,14,12-08-2024
672,1833,13,07-04-2025
673,1768,16,09-02-2025
674,448,20,11-03-2025
675,1821,25,08-08-2025
676,322,24,17-09-2024
677,1128,6,17-05-2024
678,1540,6,29-10-2024
679,911,34,26-12-2024
680,472,38,12-02-2024
681,953,33,28-09-2025
682,689,28,06-04-2025
683,958,28,22-02-2025
684,753,32,20-11-2024
685,560,25,26-01-2024
686,368,29,27-08-2024
687,544,5,02-01-2025
688,1847,6,28-10-2024
689,1726,33,09-06-2025
690,1120,6,10-10-2024
691,1898,15,10-04-2024
692,243,5,03-01-2025
693,79,35,24-07-2024
694,684,13,03-12-2024
695,513,20,08-10-2024
696,391,39,21-05-2024
697,1752,35,24-09-2024
698,18,20,15-10-2024
699,1685,23,17-02-2025
700,1938,26,16-08-2025
701,1552,1,28-04-2025
702,1340,33,01-06-2024
703,1773,26,21-08-2024
704,465,14,30-04-2025
705,479,34,24-08-2025
706,1610,36,24-04-2025
707,1480,30,14-12-2024
708,1622,6,16-11-2024
709,1733,13,15-03-2025
710,1578,27,02-08-2024
711,899,29,25-07-2025
712,62,24,22-05-2024
713,1183,9,08-11-2024
714,1932,1,26-05-2025
715,1660,23,13-12-2024
716,462,27,11-03-2025
717,1405,26,04-07-2025
718,614,21,24-08-2025
719,48,37,02-02-2024
720,1889,9,06-06-2024
721,1952,22,04-08-2025
722,1290,39,14-09-2025
723,1176,26,25-01-2025
724,419,26,06-03-2024
725,1095,25,11-07-2024
726,973,7,02-12-2024
727,1167,29,16-10-2025
728,1833,20,05-04-2024
729,352,7,20-07-2025
730,364,3,09-09-2025
731,1001,2,10-07-2024
732,408,5,30-01-2025
733,582,14,26-08-2024
734,597,34,12-03-2024
735,932,4,12-01-2025
736,1062,1,24-06-2024
737,670,27,04-02-2025
738,322,8,12-05-2024
739,1099,27,04-05-2025
740,1522,5,02-02-2025
741,1957,14,13-05-2024
742,1783,14,13-11-2024
743,886,31,11-06-2024
744,1237,37,13-11-2024
745,1204,13,29-05-2025
746,1468,30,09-10-2024
747,414,1,26-05-2024
748,913,5,12-02-2025
749,1239,16,22-06-2025
750,674,37,17-05-2025
751,943,30,12-08-2025
752,81,6,21-10-2024
753,1324,30,21-12-2024
754,1435,20,04-02-2025
755,1256,12,01-03-2025
756,511,12,24-09-2025
757,1502,28,13-04-2025
758,788,12,05-08-2025
759,196,26,14-02-2024
760,491,11,07-10-2024
761,1808,35,25-10-2024
762,1366,5,10-08-2024
763,1862,32,25-02-2025
764,1561,36,04-05-2024
765,756,5,17-04-2024
766,1034,21,23-02-2025
767,924,11,15-09-2024
768,425,33,15-02-2024
769,947,2,15-03-2024
770,1309,30,25-01-2025
771,704,26,18-07-2024
772,813,3,11-01-2024
773,514,8,19-05-2024
774,670,30,11-05-2025
775,945,5,25-03-2024
776,1124,16,24-03-2025
777,288,31,12-10-2024
778,1724,11,23-06-2024
779,1718,2,13-09-2025
780,206,12,28-10-2024
781,255,35,04-02-2025
782,345,5,12-01-2024
783,1388,18,06-06-2024
784,903,23,01-07-2024
785,444,3,29-06-2025
786,443,29,18-02-2024
787,1714,34,18-10-2025
788,1357,7,03-02-2025
789,1414,20,30-03-2025
790,108,39,05-01-2024
791,100,25,25-07-2024
792,1903,16,18-01-2025
793,1862,16,23-07-2024
794,188,2,07-03-2025
795,58,1,11-12-2024
796,1681,13,05-03-2024
797,452,7,20-06-2024
798,1483,11,15-02-2024
799,852,33,20-04-2024
800,1671,21,26-11-2024
801,1152,13,01-10-2025
802,425,35,08-02-2025
803,1923,28,03-05-2024
804,476,14,18-04-2024
805,731,21,26-06-2024
806,31,26,31-10-2025
807,648,1,02-02-2025
808,436,30,13-08-2024
809,136,18,27-10-2025
810,1278,24,14-02-2024
811,138,14,24-02-2025
812,618,39,26-05-2025
813,209,35,05-08-2025
814,352,17,07-04-2024
815,1229,21,08-10-2025
816,1427,25,16-05-2024
817,681,12,12-10-2025
818,1560,21,08-05-2025
819,139,22,19-01-2024
820,1247,38,04-04-2025
821,784,33,17-10-2025
822,1520,15,30-05-2025
823,1204,1,26-08-2024
824,44,40,07-05-2024
825,633,16,14-03-2025
826,1551,16,26-09-2025
827,163,4,20-05-2024
828,768,32,30-10-2024
829,414,10,19-01-2025
830,419,3,31-08-2024
831,1892,39,30-03-2025
832,1514,22,17-05-2024
833,570,21,21-10-2025
834,1612,3,17-06-2025
835,1622,27,25-10-2025
836,1665,19,25-01-2024
837,470,22,16-12-2024
838,497,14,06-07-2025
839,111,16,15-08-2024
840,1246,25,17-06-2025
841,659,12,28-03-2025
842,1290,1,07-03-2024
843,1782,32,12-03-2024
844,1954,13,23-02-2024
845,1300,10,28-07-2024
846,258,6,26-06-2024
847,1214,36,28-07-2024
848,484,33,21-03-2024
849,873,30,14-11-2024
850,337,13,07-09-2024
851,869,12,12-09-2025
852,510,20,19-10-2024
853,1181,29,12-10-2025
854,413,18,07-05-2025
855,164,24,11-02-2025
856,774,11,27-04-2025
857,904,28,01-06-2025
858,1249,28,08-06-2024
859,1679,31,21-01-2024
860,1561,25,13-03-2025
861,1750,6,03-11-2024
862,1219,35,05-06-2024
863,1133,12,20-09-2024
864,780,30,09-11-2024
865,929,19,19-01-2025
866,1152,39,07-05-2025
867,148,22,19-05-2024
868,1465,31,19-07-2024
869,317,13,05-01-2024
870,27,33,18-01-2025
871,1007,26,01-03-2025
872,1926,26,17-01-2025
873,787,32,11-11-2024
874,1313,38,13-03-2024
875,838,3,07-05-2024
876,789,37,15-06-2024
877,398,28,18-09-2024
878,1580,23,05-06-2025
879,1453,32,12-10-2025
880,1411,24,29-02-2024
881,1334,25,10-03-2025
882,1507,16,05-09-2024
883,979,3,05-01-2025
884,1293,2,22-10-2025
885,303,17,11-09-2025
886,933,10,17-09-2024
887,507,39,15-08-2025
888,1950,11,13-01-2024
889,240,6,21-10-2025
890,1458,25,11-02-2025
891,1447,38,23-03-2024
892,1062,13,09-03-2025
893,340,28,15-09-2024
894,1417,20,27-05-2025
895,1982,35,26-01-2025
896,1201,20,25-02-2025
897,1542,6,21-04-2024
898,1303,37,18-12-2024
899,1668,10,02-10-2024
900,1534,14,11-02-2025
901,1432,20,07-01-2024
902,345,32,02-01-2024
903,199,5,03-03-2025
904,1076,27,01-11-2025
905,591,28,23-06-2024
906,362,24,09-07-2024
907,1442,9,21-07-2024
908,997,12,29-05-2025
909,1943,8,06-04-2025
910,1162,14,09-07-2024
911,412,4,06-07-2024
912,1658,13,22-09-2024
913,1848,27,27-03-2025
914,1284,40,21-04-2024
915,1779,11,22-03-2024
916,601,6,21-01-2025
917,256,18,06-03-2024
918,701,2,22-08-2025
919,481,31,11-05-2025
920,1378,7,10-01-2024
921,126,18,08-01-2024
922,1363,38,12-02-2024
923,199,14,18-06-2025
924,1622,1,19-01-2025
925,1235,34,29-09-2024
926,1909,32,29-04-2025
927,1551,22,10-09-2025
928,880,22,14-01-2025
929,1397,22,18-11-2024
930,1673,16,04-01-2025
931,1363,26,22-01-2025
932,1251,4,30-12-2024
933,1789,22,12-04-2024
934,7,30,15-02-2025
935,1486,9,27-01-2024
936,1233,8,27-06-2025
937,573,16,12-01-2025
938,926,40,01-05-2025
939,1055,27,11-07-2024
940,7,21,18-01-2024
941,1298,24,16-02-2024
942,1986,21,30-03-2025
943,479,39,11-05-2025
944,820,40,24-03-2024
945,714,28,02-05-2025
946,1349,7,29-01-2025
947,602,39,18-07-2024
948,1459,10,16-06-2025
949,1795,37,31-05-2025
950,66,9,24-05-2025
951,1632,6,04-11-2024
952,1705,36,23-04-2025
953,345,29,28-04-2024
954,988,35,03-09-2024
955,499,14,23-06-2024
956,1543,6,18-04-2024
957,891,2,13-06-2024
958,1903,21,27-01-2025
959,1570,18,13-08-2024
960,1473,17,02-05-2025
961,1949,8,19-05-2024
962,1890,35,10-10-2025
963,1486,32,02-04-2024
964,1630,22,17-08-2024
965,1909,37,07-09-2025
966,133,22,21-01-2025
967,1865,25,31-10-2025
968,1316,36,23-03-2025
969,1656,15,16-08-2024
970,531,8,24-10-2024
971,180,8,01-04-2024
972,697,38,11-07-2024
973,1525,8,09-08-2025
974,754,9,16-11-2024
975,1954,25,13-08-2025
976,1510,1,14-11-2024
977,127,38,02-07-2025
978,389,25,09-03-2025
979,655,24,09-05-2024
980,1065,39,27-08-2025
981,455,7,08-02-2025
982,19,35,16-04-2025
983,648,10,30-10-2024
984,1715,15,26-05-2025
985,1393,30,30-05-2024
986,1232,19,29-05-2024
987,1530,3,05-09-2025
988,656,20,29-05-2025
989,1411,8,07-10-2024
990,1737,37,04-05-2025
991,1293,14,21-05-2025
992,597,25,01-03-2024
993,1660,22,05-06-2024
994,1696,14,18-08-2024
995,1435,4,02-07-2024
996,1755,32,05-02-2025
997,613,11,23-01-2024
998,1123,26,11-12-2024
999,866,31,22-12-2024
1000,1552,26,04-02-2025
1001,148,34,16-10-2024
1002,579,13,15-07-2025
1003,807,7,14-05-2024
1004,663,38,25-02-2024
1005,1741,20,13-04-2025
1006,1341,11,14-08-2025
1007,282,29,09-05-2025
1008,597,10,02-08-2024
1009,447,13,28-10-2025
1010,19,24,12-08-2025
1011,209,10,20-01-2025
1012,1947,28,21-06-2024
1013,1897,4,08-04-2024
1014,729,31,02-07-2024
1015,1936,4,30-04-2024
1016,1056,22,30-08-2025
1017,889,10,04-10-2025
1018,1480,26,07-09-2024
1019,70,8,03-09-2024
1020,813,32,05-11-2024
1021,1409,39,25-06-2024
1022,1337,25,01-04-2024
1023,1593,30,27-10-2025
1024,783,18,09-10-2025
1025,1338,29,11-01-2025
1026,24,8,29-04-2024
1027,170,8,15-05-2025
1028,1314,33,18-08-2024
1029,48,38,09-08-2025
1030,1173,31,07-10-2024
1031,1421,7,30-08-2025
1032,371,25,10-05-2025
1033,1321,28,01-11-2024
1034,1171,9,11-04-2024
1035,667,5,04-07-2025
1036,379,26,21-01-2024
1037,807,36,03-07-2025
1038,1605,34,15-05-2025
1039,131,34,21-08-2025
1040,1104,8,31-07-2024
1041,1978,8,04-07-2024
1042,1766,39,03-07-2024
1043,11,36,02-04-2025
1044,1640,21,05-05-2024
1045,81,9,11-08-2025
1046,423,11,30-03-2024
1047,1152,17,05-02-2024
1048,174,8,02-06-2025
1049,612,24,11-07-2025
1050,352,28,04-11-2025
1051,1,16,03-11-2024
1052,95,34,27-10-2024
1053,1350,35,31-03-2025
1054,287,37,17-05-2025
1055,1424,21,19-06-2025
1056,1866,23,12-09-2025
1057,1103,33,02-08-2024
1058,1409,7,15-02-2024
1059,486,3,11-07-2024
1060,291,20,08-08-2024
1061,1961,9,08-09-2025
1062,1131,14,28-08-2025
1063,736,18,11-05-2024
1064,1494,40,08-03-2025
1065,153,36,18-09-2024
1066,534,25,27-10-2025
1067,1851,11,13-02-2025
1068,935,6,17-09-2024
1069,1386,28,26-05-2024
1070,1098,14,13-03-2024
1071,1290,18,10-10-2025
1072,1428,13,16-01-2025
1073,1155,33,11-09-2025
1074,336,27,06-06-2024
1075,648,28,23-01-2025
1076,54,39,10-09-2024
1077,159,18,07-05-2024
1078,1089,8,15-07-2025
1079,834,5,03-12-2024
1080,1312,6,06-01-2025
1081,1863,22,06-10-2024
1082,300,15,07-10-2024
1083,21,7,21-01-2025
1084,1985,15,22-01-2025
1085,1950,7,06-05-2024
1086,360,34,09-11-2024
1087,1206,32,07-04-2024
1088,1084,23,08-08-2025
1089,1773,19,18-07-2025
1090,556,39,11-04-2024
1091,1837,4,23-06-2024
1092,652,25,04-07-2024
1093,707,35,18-07-2025
1094,1218,26,03-05-2025
1095,1214,9,22-09-2024
1096,20,33,08-06-2024
1097,1347,9,26-05-2024
1098,776,37,30-09-2024
1099,109,24,12-09-2024
1100,1389,39,04-03-2025
1101,1448,30,06-07-2024
1102,899,23,24-04-2025
1103,1029,19,09-10-2024
1104,1951,28,17-06-2025
1105,1929,15,08-11-2024
1106,1302,6,08-11-2024
1107,833,21,02-04-2024
1108,1300,6,19-03-2024
1109,1495,16,05-04-2024
1110,339,37,28-02-2024
1111,174,19,21-07-2025
1112,1904,32,11-01-2024
1113,1971,28,04-06-2025
1114,1910,9,06-05-2025
1115,1020,33,29-06-2025
1116,1430,8,19-02-2025
1117,29,40,13-07-2024
1118,1866,1,11-03-2025
1119,1439,35,19-12-2024
1120,501,34,15-09-2025
1121,87,39,04-04-2025
1122,1976,11,20-06-2025
1123,1851,15,28-06-2024
1124,154,24,16-05-2024
1125,1053,23,22-02-2024
1126,866,32,23-01-2025
1127,350,24,25-04-2024
1128,693,16,06-07-2025
1129,1743,8,24-10-2024
1130,613,31,27-10-2024
1131,543,14,03-01-2024
1132,1512,37,07-02-2025
1133,446,20,20-10-2025
1134,1056,3,19-04-2025
1135,1828,40,14-05-2025
1136,118,23,07-01-2024
1137,1261,30,02-12-2024
1138,612,23,19-04-2024
1139,11,23,09-07-2024
1140,824,23,10-01-2024
1141,208,28,18-05-2025
1142,405,6,25-06-2025
1143,1054,10,24-02-2025
1144,254,32,08-01-2024
1145,319,17,19-08-2024
1146,964,26,18-01-2025
1147,613,24,14-03-2025
1148,1828,12,03-07-2025
1149,1663,18,21-04-2024
1150,899,29,14-06-2024
1151,287,23,20-03-2025
1152,12,23,22-07-2024
1153,227,13,18-10-2024
1154,83,9,08-02-2025
1155,863,22,02-02-2024
1156,329,13,05-05-2025
1157,1966,18,01-05-2024
1158,863,32,17-07-2025
1159,1015,9,28-11-2024
1160,1539,26,28-05-2025
1161,1487,25,14-05-2024
1162,225,7,22-01-2024
1163,259,10,18-12-2024
1164,1025,1,30-08-2024
1165,107,22,15-03-2025
1166,2000,39,09-01-2024
1167,890,31,23-10-2024
1168,578,32,25-03-2024
1169,1559,28,10-09-2024
1170,1265,10,07-06-2025
1171,383,16,14-10-2024
1172,1571,8,26-09-2024
1173,1436,16,15-03-2025
1174,407,31,15-04-2024
1175,1436,33,17-09-2025
1176,372,13,28-08-2025
1177,1289,10,22-08-2024
1178,247,9,14-02-2025
1179,79,18,15-07-2024
1180,1903,10,12-03-2025
1181,37,40,23-07-2024
1182,187,4,24-01-2025
1183,835,34,09-11-2024
1184,1434,15,15-08-2024
1185,689,28,05-05-2025
1186,126,33,13-03-2025
1187,1319,4,07-11-2024
1188,226,18,07-01-2025
1189,575,23,04-03-2025
1190,506,21,18-02-2024
1191,373,3,01-01-2024
1192,107,21,05-08-2024
1193,585,31,13-10-2024
1194,1861,39,13-04-2024
1195,883,12,15-09-2024
1196,1943,32,07-01-2025
1197,685,20,24-04-2024
1198,199,1,19-07-2025
1199,1578,9,05-12-2024
1200,739,24,26-08-2025
1201,1084,39,15-01-2025
1202,488,18,03-08-2024
1203,1197,25,30-03-2024
1204,1817,7,13-05-2024
1205,1290,39,03-05-2024
1206,85,38,01-11-2025
1207,1675,13,16-07-2024
1208,1444,29,11-04-2024
1209,154,35,25-09-2025
1210,703,20,30-04-2025
1211,1559,13,30-06-2025
1212,1477,10,14-02-2024
1213,262,13,04-03-2025
1214,1128,17,27-07-2025
1215,1998,23,09-01-2025
1216,919,8,22-03-2025
1217,139,31,05-03-2025
1218,1073,33,23-01-2024
1219,342,39,07-10-2024
1220,1427,9,23-10-2024
1221,94,37,03-03-2024
1222,1627,13,11-02-2025
1223,1014,35,09-06-2025
1224,1990,5,18-06-2024
1225,897,33,28-01-2025
1226,1152,25,14-02-2025
1227,1244,18,30-07-2024
1228,377,1,12-06-2024
1229,1172,14,29-08-2025
1230,1427,1,09-06-2025
1231,933,33,21-06-2025
1232,531,20,13-08-2024
1233,607,18,19-07-2025
1234,244,11,17-08-2024
1235,94,35,31-08-2024
1236,598,3,16-10-2025
1237,304,18,16-05-2024
1238,554,4,19-10-2025
1239,510,14,01-07-2025
1240,238,1,26-10-2025
1241,712,39,12-01-2025
1242,665,6,16-07-2025
1243,541,9,22-02-2025
1244,1840,40,28-10-2024
1245,665,4,02-10-2025
1246,1672,1,30-12-2024
1247,450,18,29-06-2024
1248,525,2,04-07-2025
1249,1347,38,18-04-2024
1250,1480,25,31-10-2025
1251,528,39,18-07-2025
1252,423,29,13-08-2024
1253,665,18,27-07-2024
1254,1192,26,08-06-2024
1255,914,15,20-03-2025
1256,755,10,05-05-2025
1257,192,32,04-07-2024
1258,941,12,29-06-2024
1259,387,37,17-05-2025
1260,1932,12,25-10-2025
1261,578,2,13-11-2024
1262,334,12,07-02-2025
1263,1408,39,11-07-2024
1264,143,10,14-03-2024
1265,874,16,10-04-2025
1266,1862,26,12-04-2024
1267,1484,34,20-05-2024
1268,1489,1,09-09-2025
1269,205,25,28-01-2025
1270,43,8,14-01-2024
1271,1564,3,15-05-2024
1272,509,6,01-10-2024
1273,293,39,14-01-2024
1274,1623,1,18-04-2024
1275,1111,22,28-03-2024
1276,415,9,06-05-2025
1277,1556,37,30-03-2025
1278,1671,11,10-11-2024
1279,680,31,07-06-2024
1280,500,4,10-07-2025
1281,1418,18,04-10-2025
1282,1114,8,22-01-2024
1283,1690,3,15-04-2024
1284,1116,19,15-04-2024
1285,1048,27,25-05-2024
1286,3,15,25-01-2024
1287,465,28,29-01-2025
1288,302,23,02-11-2025
1289,588,15,28-01-2025
1290,1407,8,18-05-2025
1291,348,8,17-08-2024
1292,209,19,31-12-2024
1293,157,40,07-12-2024
1294,243,24,27-03-2024
1295,1835,3,11-09-2025
1296,310,12,14-03-2025
1297,1087,22,06-09-2025
1298,372,28,02-06-2024
1299,1830,20,01-10-2025
1300,1675,19,22-12-2024
1301,1793,7,04-10-2024
1302,1877,32,12-01-2025
1303,1911,17,19-03-2024
1304,1616,1,01-06-2024
1305,1593,10,23-11-2024
1306,303,25,02-04-2025
1307,1478,31,09-03-2024
1308,232,37,13-03-2025
1309,1966,18,28-05-2024
1310,186,21,10-05-2024
1311,373,25,27-12-2024
1312,654,32,10-03-2025
1313,986,27,08-09-2025
1314,1626,22,21-05-2024
1315,1643,16,27-01-2025
1316,858,36,24-05-2025
1317,1104,35,19-05-2025
1318,1091,35,23-08-2024
1319,788,6,17-08-2025
1320,1465,27,23-06-2025
1321,1184,15,30-03-2024
1322,482,24,03-01-2024
1323,417,2,06-01-2025
1324,1144,31,16-05-2024
1325,1887,8,02-03-2024
1326,1867,23,04-01-2025
1327,1739,9,28-10-2024
1328,943,10,18-07-2025
1329,1991,27,05-09-2024
1330,432,15,27-02-2024
1331,1530,9,30-04-2024
1332,1971,10,21-01-2025
1333,1502,2,10-03-2025
1334,762,4,18-04-2024
1335,1358,38,16-03-2024
1336,977,39,10-06-2024
1337,62,10,09-01-2025
1338,290,6,07-09-2024
1339,158,1,05-08-2025
1340,1703,27,02-06-2024
1341,1568,12,26-04-2025
1342,1523,9,24-06-2025
1343,1431,20,26-04-2025
1344,843,22,30-03-2025
1345,1601,1,20-10-2024
1346,228,10,02-03-2024
1347,1805,3,10-09-2025
1348,1539,12,30-05-2025
1349,329,1,09-02-2025
1350,1706,28,10-04-2025
1351,1135,17,08-08-2025
1352,1028,20,20-08-2024
1353,868,11,05-10-2024
1354,1993,6,18-06-2025
1355,774,9,04-08-2024
1356,821,40,27-02-2024
1357,449,26,07-07-2024
1358,1685,36,11-09-2025
1359,1724,5,24-04-2025
1360,978,21,30-10-2025
1361,1315,26,24-01-2025
1362,338,4,15-01-2025
1363,1325,28,18-07-2024
1364,553,7,16-04-2024
1365,160,24,09-09-2025
1366,1595,22,29-01-2024
1367,491,19,15-06-2024
1368,1110,7,07-03-2024
1369,434,39,12-01-2024
1370,1550,20,11-07-2024
1371,1130,13,15-10-2025
1372,1904,3,03-09-2024
1373,552,6,06-08-2025
1374,1157,3,31-07-2025
1375,1619,31,16-02-2024
1376,99,21,05-04-2024
1377,1933,20,09-01-2024
1378,731,19,11-02-2025
1379,1025,13,18-11-2024
1380,1540,26,30-12-2024
1381,1995,9,09-04-2024
1382,679,27,30-05-2025
1383,207,33,02-06-2024
1384,49,38,26-01-2025
1385,977,38,08-02-2024
1386,595,11,04-06-2024
1387,1398,30,21-03-2024
1388,1813,6,25-08-2024
1389,1812,14,31-10-2025
1390,289,11,28-05-2025
1391,1058,39,29-10-2025
1392,1072,22,03-04-2025
1393,1609,9,13-12-2024
1394,596,24,30-09-2025
1395,1753,28,10-02-2024
1396,1825,25,01-09-2024
1397,428,40,13-09-2025
1398,154,10,03-08-2025
1399,1286,32,09-04-2024
1400,1649,1,26-05-2024
1401,1570,20,14-07-2025
1402,1777,6,25-05-2025
1403,193,30,17-11-2024
1404,348,19,14-06-2024
1405,140,18,13-08-2025
1406,745,23,01-04-2024
1407,146,12,16-04-2025
1408,529,31,19-09-2024
1409,1563,29,27-10-2025
1410,1893,9,06-05-2024
1411,1991,37,14-05-2025
1412,82,24,20-10-2024
1413,822,27,26-09-2025
1414,1879,9,27-03-2025
1415,752,33,01-10-2025
1416,1950,21,17-01-2025
1417,171,27,02-06-2025
1418,922,17,13-02-2024
1419,1272,4,07-09-2024
1420,1434,36,09-01-2024
1421,317,7,24-10-2024
1422,770,11,06-08-2025
1423,818,5,16-08-2024
1424,796,30,05-04-2024
1425,715,30,24-04-2025
1426,1316,35,21-04-2025
1427,224,6,03-07-2024
1428,1499,7,10-02-2025
1429,1574,28,23-07-2024
1430,823,22,07-03-2024
1431,650,22,10-09-2025
1432,996,14,02-05-2025
1433,235,18,10-04-2025
1434,79,35,08-06-2024
1435,1943,31,29-05-2024
1436,1312,14,23-11-2024
1437,1164,3,07-09-2025
1438,1586,25,04-03-2024
1439,1918,24,16-03-2025
1440,970,14,25-02-2024
1441,434,2,09-03-2025
1442,553,17,12-10-2025
1443,361,6,25-05-2024
1444,142,18,18-02-2025
1445,168,20,07-04-2025
1446,1785,27,21-06-2025
1447,439,17,07-07-2024
1448,1701,4,04-04-2024
1449,1833,28,16-12-2024
1450,1973,20,17-06-2024
1451,407,23,05-03-2025
1452,987,31,02-07-2025
1453,1411,11,23-03-2025
1454,727,37,02-02-2025
1455,1686,1,28-07-2025
1456,1604,39,22-07-2024
1457,160,38,23-09-2025
1458,297,21,20-11-2024
1459,30,10,14-04-2025
1460,1913,10,26-05-2025
1461,1771,21,26-04-2024
1462,1623,27,26-09-2024
1463,1067,1,06-04-2025
1464,1932,9,11-10-2025
1465,921,38,09-04-2024
1466,75,14,11-07-2024
1467,861,35,19-06-2024
1468,1231,25,09-08-2024
1469,713,14,14-07-2024
1470,1991,37,15-01-2024
1471,759,24,17-01-2024
1472,619,20,29-05-2025
1473,1678,8,26-05-2025
1474,1329,30,27-02-2025
1475,841,23,26-12-2024
1476,1697,35,12-03-2025
1477,1072,22,26-04-2024
1478,1898,12,14-04-2025
1479,878,24,30-06-2024
1480,1133,39,15-06-2024
1481,1112,28,25-01-2025
1482,584,28,11-10-2025
1483,581,40,11-04-2024
1484,180,7,01-04-2024
1485,1331,2,23-09-2025
1486,1910,27,16-04-2024
1487,1017,40,11-07-2025
1488,205,29,30-05-2025
1489,1191,3,23-10-2024
1490,1745,27,04-08-2024
1491,457,30,18-07-2025
1492,781,8,19-07-2024
1493,1754,31,07-05-2024
1494,719,30,26-02-2025
1495,1860,26,08-01-2024
1496,1925,24,17-08-2024
1497,1040,19,01-10-2024
1498,1802,17,10-11-2024
1499,1718,27,04-09-2024
1500,9,27,03-02-2024
1501,32,2,06-06-2024
1502,1619,24,15-06-2025
1503,1680,39,21-11-2024
1504,687,11,08-08-2025
1505,881,16,23-07-2025
1506,1994,26,16-07-2024
1507,1263,26,22-02-2024
1508,1642,37,15-03-2025
1509,264,25,26-06-2024
1510,826,21,13-06-2025
1511,325,28,24-08-2024
1512,204,9,31-05-2025
1513,243,37,05-02-2025
1514,1727,17,20-07-2025
1515,326,21,27-07-2024
1516,191,6,27-01-2024
1517,896,1,05-10-2025
1518,1578,38,05-06-2024
1519,57,40,10-07-2025
1520,1886,6,08-08-2025
1521,784,2,13-05-2024
1522,930,23,10-07-2024
1523,491,15,31-10-2024
1524,397,35,08-09-2024
1525,1488,25,23-09-2024
1526,1351,4,08-10-2024
1527,170,10,04-10-2025
1528,48,38,15-04-2024
1529,228,30,02-09-2025
1530,252,7,25-05-2024
1531,579,17,03-07-2024
1532,191,5,21-05-2025
1533,1730,24,31-07-2024
1534,801,7,17-05-2025
1535,1630,2,27-02-2025
1536,151,32,02-10-2025
1537,157,14,05-03-2025
1538,769,21,10-10-2025
1539,1861,29,13-06-2024
1540,369,20,11-01-2024
1541,1851,12,03-08-2025
1542,1293,39,02-02-2024
1543,241,22,21-12-2024
1544,992,40,06-09-2025
1545,1120,1,11-06-2024
1546,1069,17,04-05-2024
1547,395,39,31-01-2024
1548,1098,2,14-06-2025
1549,1049,10,09-08-2024
1550,1776,24,27-04-2024
1551,1841,14,31-01-2024
1552,671,9,13-08-2024
1553,171,9,01-10-2024
1554,561,31,23-07-2024
1555,1953,6,22-12-2024
1556,1451,36,29-10-2025
1557,603,30,22-05-2025
1558,894,33,13-02-2025
1559,1889,13,13-09-2024
1560,355,13,14-10-2024
1561,1970,26,15-04-2024
1562,1196,38,15-11-2024
1563,340,14,14-05-2025
1564,888,29,09-03-2025
1565,1222,18,22-11-2024
1566,1276,7,13-09-2025
1567,785,28,23-07-2024
1568,1162,23,17-01-2025
1569,1839,5,05-04-2025
1570,343,3,07-06-2025
1571,519,38,23-02-2025
1572,602,39,22-10-2025
1573,1947,34,26-12-2024
1574,816,2,27-04-2024
1575,369,21,15-03-2025
1576,1620,12,01-01-2025
1577,503,5,08-08-2024
1578,1346,24,15-01-2025
1579,298,21,05-05-2024
1580,20,21,12-01-2024
1581,1469,22,06-08-2024
1582,954,37,25-11-2024
1583,1841,15,29-07-2025
1584,136,25,17-10-2024
1585,1233,14,23-06-2025
1586,446,7,28-07-2025
1587,570,39,17-03-2024
1588,1176,27,21-03-2025
1589,651,21,21-07-2024
1590,404,4,20-05-2025
1591,1022,3,08-10-2024
1592,863,8,07-05-2024
1593,928,11,07-09-2025
1594,670,38,27-01-2025
1595,485,37,22-01-2024
1596,584,2,21-10-2025
1597,1605,37,05-01-2024
1598,1868,30,18-10-2024
1599,269,26,07-02-2024
1600,1835,35,24-06-2025
1601,81,22,22-10-2025
1602,34,5,26-04-2025
1603,195,27,04-11-2024
1604,563,21,20-12-2024
1605,820,6,23-07-2025
1606,1587,21,20-05-2025
1607,1255,4,06-02-2025
1608,612,30,20-05-2025
1609,1739,8,17-01-2025
1610,1921,40,15-04-2024
1611,60,15,18-02-2024
1612,1691,1,22-05-2024
1613,216,21,22-03-2025
1614,464,11,31-03-2024
1615,392,24,04-07-2025
1616,11,4,22-09-2024
1617,1810,3,23-04-2024
1618,99,20,17-03-2024
1619,541,22,19-09-2025
1620,1622,25,03-10-2024
1621,1431,11,21-05-2024
1622,1195,30,02-05-2024
1623,259,21,31-05-2024
1624,1543,38,27-02-2025
1625,1305,29,05-05-2024
1626,1069,34,03-09-2024
1627,1184,31,16-05-2025
1628,2000,18,25-11-2024
1629,1583,31,19-08-2024
1630,189,17,30-10-2024
1631,1457,6,27-12-2024
1632,1144,16,24-10-2025
1633,1506,14,20-03-2024
1634,154,32,02-03-2024
1635,436,1,09-08-2024
1636,959,25,11-07-2024
1637,999,7,14-12-2024
1638,428,38,24-06-2025
1639,1053,21,15-11-2024
1640,1452,30,02-11-2025
1641,316,33,18-04-2024
1642,1873,9,12-08-2024
1643,1878,24,29-01-2025
1644,1997,29,27-09-2025
1645,1052,13,13-02-2025
1646,385,5,11-10-2024
1647,867,11,10-11-2024
1648,1949,37,25-10-2025
1649,210,10,17-04-2025
1650,1795,7,22-04-2024
1651,493,2,16-04-2025
1652,384,18,30-01-2024
1653,976,34,08-04-2025
1654,721,17,01-05-2024
1655,1899,36,27-03-2024
1656,726,28,05-08-2024
1657,309,26,29-05-2025
1658,883,33,07-12-2024
1659,109,29,06-10-2024
1660,758,7,20-02-2024
1661,1329,25,08-03-2025
1662,398,19,12-07-2024
1663,825,12,31-08-2025
1664,566,34,14-09-2025
1665,1011,34,19-03-2025
1666,224,4,23-10-2025
1667,510,8,12-08-2024
1668,236,4,06-02-2024
1669,1179,18,01-09-2024
1670,135,35,13-04-2024
1671,565,15,27-09-2025
1672,1433,26,05-02-2025
1673,805,7,13-08-2024
1674,1504,18,22-05-2025
1675,422,11,27-07-2024
1676,712,19,02-09-2025
1677,590,1,06-04-2024
1678,380,33,29-09-2025
1679,977,20,01-09-2024
1680,349,21,12-03-2024
1681,342,12,06-12-2024
1682,1843,30,25-05-2024
1683,1971,1,30-04-2025
1684,877,22,22-01-2024
1685,364,17,19-03-2024
1686,350,1,31-08-2025
1687,722,31,20-08-2025
1688,3,32,10-09-2024
1689,968,8,16-02-2024
1690,1678,2,03-08-2025
1691,1393,19,21-08-2024
1692,1076,33,20-06-2024
1693,1547,10,06-04-2024
1694,205,20,09-12-2024
1695,927,32,25-12-2024
1696,1118,17,13-05-2025
1697,520,24,14-04-2025
1698,28,23,04-11-2024
1699,1455,22,14-06-2025
1700,1587,39,10-05-2025
1701,231,18,15-06-2025
1702,1492,2,31-05-2024
1703,841,15,25-05-2024
1704,732,32,01-02-2024
1705,501,37,17-03-2025
1706,737,14,01-04-2024
1707,397,25,16-10-2025
1708,222,18,03-10-2025
1709,1391,35,05-04-2025
1710,1963,34,28-06-2024
1711,544,23,05-12-2024
1712,801,38,03-03-2025
1713,1936,18,12-11-2024
1714,391,3,16-08-2025
1715,1066,22,19-09-2025
1716,252,28,10-04-2025
1717,1161,23,22-10-2024
1718,226,1,25-05-2025
1719,1899,10,22-04-2025
1720,1395,10,19-06-2025
1721,1980,19,30-09-2025
1722,1144,11,06-11-2024
1723,998,19,07-03-2024
1724,1638,19,16-01-2024
1725,930,3,10-08-2024
1726,580,38,06-05-2024
1727,109,32,09-11-2024
1728,11,28,26-12-2024
1729,1353,1,21-02-2024
1730,515,9,24-12-2024
1731,1800,19,29-05-2025
1732,1363,36,07-06-2024
1733,1954,6,04-10-2024
1734,293,13,18-03-2025
1735,1199,6,24-10-2024
1736,449,3,29-04-2025
1737,1911,23,11-09-2024
1738,1663,25,08-03-2025
1739,818,7,24-09-2024
1740,1885,20,03-09-2025
1741,637,12,31-07-2025
1742,893,21,15-08-2025
1743,286,13,13-09-2024
1744,278,27,21-07-2025
1745,409,20,08-11-2024
1746,176,20,03-08-2025
1747,1899,30,12-07-2025
1748,376,25,23-03-2025
1749,197,9,23-06-2025
1750,906,21,30-05-2025
1751,1915,23,24-04-2025
1752,726,28,22-04-2025
1753,862,27,17-04-2025
1754,57,36,28-01-2024
1755,1961,27,31-03-2024
1756,1548,9,21-09-2025
1757,1858,20,05-09-2024
1758,1189,33,17-01-2025
1759,261,40,10-07-2025
1760,1844,37,27-10-2024
1761,110,26,08-05-2024
1762,826,1,18-04-2025
1763,1654,34,16-04-2025
1764,1719,4,27-03-2024
1765,113,18,27-10-2025
1766,220,22,31-08-2025
1767,200,19,02-08-2025
1768,987,22,03-03-2024
1769,249,38,07-06-2025
1770,1515,4,28-07-2024
1771,1058,10,29-07-2025
1772,1517,32,19-05-2024
1773,458,10,04-11-2024
1774,1287,20,07-01-2024
1775,1650,32,30-09-2025
1776,1409,13,27-04-2024
1777,138,1,05-06-2024
1778,1237,8,16-06-2025
1779,199,16,28-07-2024
1780,213,31,26-01-2024
1781,1706,33,30-03-2025
1782,801,4,04-05-2024
1783,615,26,10-05-2025
1784,377,16,13-07-2025
1785,534,40,25-03-2025
1786,1760,40,06-05-2024
1787,886,10,13-10-2025
1788,45,12,25-05-2024
1789,1677,16,23-06-2024
1790,1048,35,24-07-2024
1791,976,31,23-10-2024
1792,593,7,25-08-2025
1793,1010,24,08-10-2024
1794,802,25,19-04-2024
1795,951,27,11-03-2025
1796,304,2,17-10-2024
1797,937,8,31-07-2025
1798,798,1,17-08-2025
1799,621,3,22-10-2025
1800,1333,40,31-03-2025
1801,88,23,22-05-2024
1802,959,30,10-10-2024
1803,19,11,01-01-2025
1804,1026,33,03-08-2024
1805,715,34,03-02-2025
1806,1051,5,27-06-2024
1807,1344,10,26-12-2024
1808,1344,37,13-12-2024
1809,942,9,12-10-2024
1810,1608,20,07-02-2025
1811,140,31,20-01-2025
1812,1972,31,12-09-2025
1813,1350,12,12-08-2025
1814,1452,33,22-06-2025
1815,531,9,27-11-2024
1816,1206,38,22-12-2024
1817,1198,40,17-02-2025
1818,139,3,31-01-2024
1819,1745,11,25-08-2024
1820,198,7,26-05-2025
1821,1914,31,27-11-2024
1822,1557,15,30-08-2024
1823,216,12,28-01-2025
1824,1548,27,06-03-2024
1825,127,40,13-09-2024
1826,235,3,15-03-2024
1827,905,24,13-09-2025
1828,1293,2,27-06-2024
1829,658,7,05-04-2025
1830,774,9,14-10-2025
1831,1176,36,23-07-2024
1832,401,17,17-05-2025
1833,897,19,18-08-2024
1834,413,11,20-03-2025
1835,1667,34,15-07-2024
1836,177,38,25-01-2024
1837,1289,7,27-07-2024
1838,69,9,06-01-2024
1839,737,27,04-08-2025
1840,1120,5,14-12-2024
1841,380,34,23-05-2025
1842,390,14,07-08-2025
1843,1695,31,27-05-2025
1844,722,23,25-09-2025
1845,1843,36,21-05-2024
1846,1642,5,25-03-2025
1847,876,25,13-03-2024
1848,1166,6,10-05-2024
1849,1603,34,01-11-2024
1850,207,8,25-05-2025
1851,473,4,07-09-2025
1852,1108,22,24-01-2024
1853,459,19,14-09-2024
1854,800,23,10-03-2024
1855,1787,11,21-10-2024
1856,154,35,12-08-2025
1857,495,34,17-09-2025
1858,1025,20,12-02-2025
1859,1267,4,13-07-2025
1860,1429,8,19-08-2025
1861,965,17,30-10-2025
1862,62,3,12-12-2024
1863,864,17,24-07-2024
1864,686,4,22-05-2024
1865,419,36,03-12-2024
1866,1893,4,29-08-2024
1867,1011,5,31-07-2025
1868,1853,40,06-02-2024
1869,709,5,02-03-2025
1870,1226,40,23-03-2024
1871,1818,36,05-05-2025
1872,1939,9,04-10-2024
1873,1482,3,16-04-2024
1874,73,32,03-06-2025
1875,462,23,17-03-2025
1876,979,20,21-08-2024
1877,44,4,27-01-2024
1878,1585,13,01-07-2025
1879,1246,25,19-01-2024
1880,1132,31,23-02-2024
1881,793,25,08-05-2024
1882,881,28,16-07-2025
1883,283,8,24-03-2025
1884,242,40,11-01-2025
1885,721,13,17-12-2024
1886,895,4,31-08-2024
1887,476,6,25-08-2025
1888,21,15,26-02-2025
1889,1531,35,04-08-2025
1890,94,1,12-09-2024
1891,1665,4,19-03-2024
1892,117,9,25-03-2025
1893,370,19,14-02-2024
1894,644,23,08-09-2025
1895,1342,16,26-10-2024
1896,266,39,11-02-2025
1897,981,8,03-11-2025
1898,158,5,13-09-2024
1899,1922,35,29-07-2024
1900,1014,23,13-08-2024
1901,909,20,10-01-2025
1902,1598,36,26-10-2024
1903,1780,16,23-06-2025
1904,1829,18,22-11-2024
1905,1430,35,30-05-2025
1906,214,4,20-12-2024
1907,1845,27,28-09-2025
1908,996,18,21-03-2024
1909,417,9,17-06-2025
1910,473,20,20-07-2025
1911,432,8,16-01-2025
1912,1485,10,06-02-2024
1913,482,29,27-10-2025
1914,1566,30,26-04-2024
1915,44,32,04-02-2024
1916,554,18,25-08-2025
1917,787,20,27-03-2024
1918,123,18,16-09-2025
1919,787,32,20-01-2024
1920,1767,25,28-01-2025
1921,910,3,17-08-2024
1922,422,25,07-07-2024
1923,1352,28,29-06-2025
1924,108,20,02-02-2024
1925,1110,23,27-01-2024
1926,1864,39,10-12-2024
1927,1890,17,28-08-2025
1928,444,2,15-12-2024
1929,1487,40,20-03-2025
1930,1774,28,28-02-2024
1931,1654,7,20-07-2025
1932,795,19,01-07-2025
1933,950,28,09-08-2025
1934,1473,37,15-06-2025
1935,533,11,25-01-2025
1936,958,16,15-05-2024
1937,1859,1,14-10-2024
1938,1638,18,28-03-2024
1939,512,35,29-10-2024
1940,692,37,08-02-2025
1941,80,40,07-10-2024
1942,741,18,13-09-2024
1943,1603,39,13-01-2024
1944,255,20,05-08-2025
1945,1354,21,27-09-2024
1946,1736,12,30-03-2025
1947,948,2,26-03-2025
1948,19,30,07-02-2024
1949,1979,23,06-05-2025
1950,1307,36,11-08-2024
1951,837,4,16-08-2025
1952,1923,6,10-10-2024
1953,1838,40,18-07-2025
1954,644,5,27-03-2025
1955,369,17,09-10-2024
1956,532,32,10-05-2024
1957,466,12,30-05-2024
1958,1785,40,02-11-2025
1959,102,15,27-04-2024
1960,1341,3,07-07-2024
1961,1402,33,26-03-2025
1962,1188,21,12-02-2024
1963,1134,15,03-03-2024
1964,1950,17,20-09-2024
1965,34,23,07-07-2025
1966,1472,3,06-09-2025
1967,481,23,21-04-2024
1968,159,33,30-03-2025
1969,232,33,20-03-2024
1970,486,14,29-11-2024
1971,1169,24,01-03-2025
1972,147,28,16-10-2024
1973,294,2,30-11-2024
1974,1244,24,09-12-2024
1975,1998,27,29-10-2025
1976,768,31,28-10-2024
1977,1274,2,13-06-2024
1978,755,3,24-10-2024
1979,1906,10,28-08-2025
1980,53,7,15-09-2025
1981,434,21,07-06-2025
1982,1466,33,18-08-2025
1983,1460,23,08-08-2024
1984,776,38,03-02-2024
1985,1346,10,25-01-2025
1986,1562,6,20-03-2024
1987,1964,15,01-08-2025
1988,1032,37,07-10-2025
1989,1123,27,05-07-2025
1990,1502,8,24-06-2025
1991,1635,4,13-09-2025
1992,968,34,16-06-2025
1993,904,21,02-10-2024
1994,400,37,27-10-2024
1995,1866,16,02-12-2024
1996,498,24,24-08-2024
1997,934,21,28-04-2024
1998,1420,16,31-03-2025
1999,1501,27,05-01-2025
2000,164,23,27-07-2025
2001,1036,5,05-01-2025
2002,1339,31,11-09-2025
2003,472,29,04-03-2025
2004,471,37,08-05-2024
2005,1896,35,07-09-2024
2006,1591,27,21-08-2025
2007,1364,9,12-09-2025
2008,534,19,15-12-2024
2009,643,8,24-03-2024
2010,837,27,01-06-2025
2011,304,37,21-05-2025
2012,1296,13,03-07-2024
2013,1795,30,16-01-2024
2014,342,8,04-03-2025
2015,540,36,26-04-2025
2016,1522,7,09-05-2024
2017,1781,3,17-03-2025
2018,50,11,15-03-2024
2019,272,33,26-06-2025
2020,1882,25,08-03-2025
2021,726,9,15-02-2025
2022,1428,36,04-09-2024
2023,1459,19,01-05-2024
2024,690,22,28-08-2025
2025,1247,40,20-04-2024
2026,1480,3,16-03-2024
2027,1513,23,04-04-2025
2028,1866,27,07-10-2025
2029,922,28,23-10-2024
2030,1552,31,17-05-2024
2031,1503,12,26-08-2025
2032,1877,33,26-03-2024
2033,312,1,30-08-2025
2034,1215,24,26-10-2025
2035,929,25,24-11-2024
2036,899,12,04-06-2025
2037,1480,38,13-10-2024
2038,1935,7,25-08-2024
2039,609,32,15-12-2024
2040,99,37,14-06-2025
2041,1838,34,16-08-2025
2042,1041,28,19-10-2024
2043,662,25,22-11-2024
2044,1551,12,26-05-2024
2045,86,14,16-03-2025
2046,1064,18,11-08-2025
2047,1802,40,17-11-2024
2048,204,23,18-10-2024
2049,340,8,21-10-2024
2050,561,32,25-03-2025
2051,459,11,22-10-2024
2052,1924,17,12-09-2025
2053,1544,7,25-08-2024
2054,1365,18,24-05-2024
2055,197,14,19-07-2025
2056,1718,33,21-06-2024
2057,57,39,10-02-2024
2058,1966,35,04-07-2025
2059,1637,13,07-01-2024
2060,1001,2,13-01-2025
2061,417,19,07-08-2025
2062,874,29,17-06-2025
2063,259,30,29-10-2024
2064,1881,8,02-05-2024
2065,911,28,20-05-2025
2066,539,6,20-05-2024
2067,571,8,28-12-2024
2068,1646,6,15-08-2024
2069,1490,5,30-11-2024
2070,321,33,09-12-2024
2071,566,30,07-10-2025
2072,1507,33,16-03-2024
2073,1448,21,09-02-2024
2074,888,7,17-06-2025
2075,651,13,25-07-2025
2076,1354,3,11-10-2025
2077,1285,1,08-09-2024
2078,281,38,20-01-2025
2079,1787,15,19-07-2024
2080,544,31,04-06-2024
2081,993,12,23-05-2025
2082,579,9,22-07-2024
2083,1301,6,12-06-2025
2084,1756,14,04-01-2024
2085,890,5,17-05-2025
2086,1143,40,01-08-2024
2087,1455,12,09-02-2024
2088,857,17,20-09-2025
2089,779,38,28-08-2024
2090,1307,23,10-05-2025
2091,1087,12,03-11-2024
2092,1722,15,26-10-2024
2093,1369,32,16-05-2025
2094,1632,26,04-09-2025
2095,732,35,07-05-2025
2096,606,7,12-08-2024
2097,231,19,05-03-2025
2098,1986,29,29-11-2024
2099,507,28,28-04-2024
2100,361,30,22-11-2024
2101,1353,8,21-12-2024
2102,1428,26,11-05-2024
2103,1585,31,15-05-2025
2104,1231,27,28-08-2024
2105,60,19,01-10-2024
2106,1040,14,22-02-2025
2107,125,36,26-11-2024
2108,536,21,25-02-2025
2109,802,29,11-03-2025
2110,817,17,25-02-2024
2111,550,32,12-08-2024
2112,696,3,11-11-2024
2113,917,27,14-08-2024
2114,1173,11,02-07-2025
2115,423,8,20-09-2025
2116,1251,22,12-05-2024
2117,1239,35,21-01-2024
2118,1947,2,23-01-2025
2119,185,22,27-12-2024
2120,1571,36,05-03-2024
2121,1342,4,15-06-2025
2122,432,24,02-07-2025
2123,407,11,02-07-2025
2124,811,15,24-10-2024
2125,1642,11,17-01-2025
2126,679,27,08-08-2024
2127,1133,16,14-01-2024
2128,74,2,23-06-2025
2129,210,33,11-02-2025
2130,1621,32,13-02-2024
2131,322,19,04-11-2024
2132,50,15,08-10-2025
2133,1582,16,04-02-2024
2134,558,8,21-01-2025
2135,1343,26,14-05-2024
2136,1676,18,27-03-2024
2137,157,5,31-05-2025
2138,1479,27,21-01-2024
2139,31,35,11-09-2025
2140,1883,10,07-04-2024
2141,1508,38,04-02-2025
2142,398,39,15-11-2024
2143,1608,21,11-03-2025
2144,1050,2,05-11-2024
2145,562,30,26-07-2024
2146,205,17,02-11-2025
2147,1181,31,20-01-2025
2148,597,28,05-04-2024
2149,456,27,28-07-2025
2150,571,31,18-10-2024
2151,1859,35,02-06-2025
2152,501,25,18-01-2024
2153,1018,26,16-01-2025
2154,1563,35,20-04-2024
2155,927,15,14-08-2025
2156,1998,2,10-02-2025
2157,1580,15,02-04-2025
2158,758,31,30-07-2025
2159,224,20,06-12-2024
2160,295,6,07-04-2024
2161,1149,11,31-07-2024
2162,1772,32,30-08-2025
2163,512,6,24-05-2024
2164,826,40,29-04-2025
2165,1072,37,26-08-2024
2166,121,32,15-09-2024
2167,844,20,11-12-2024
2168,1709,10,07-02-2024
2169,659,37,05-09-2025
2170,833,1,01-10-2024
2171,1414,14,29-07-2025
2172,1628,32,12-07-2025
2173,1024,21,29-10-2025
2174,483,21,17-04-2025
2175,1452,31,10-06-2025
2176,1137,6,17-04-2024
2177,872,5,19-01-2025
2178,261,1,14-06-2024
2179,1065,8,19-06-2024
2180,405,29,26-04-2024
2181,80,28,22-05-2025
2182,350,34,13-05-2025
2183,287,36,04-03-2025
2184,818,1,30-10-2024
2185,241,28,28-10-2024
2186,1475,18,19-06-2025
2187,661,40,15-01-2025
2188,1155,11,24-05-2024
2189,595,34,28-07-2024
2190,1645,40,15-01-2025
2191,1064,39,14-09-2024
2192,967,30,03-08-2024
2193,1918,22,18-05-2024
2194,337,34,30-04-2025
2195,21,21,02-03-2025
2196,368,10,26-04-2025
2197,138,1,15-11-2024
2198,1437,13,23-07-2024
2199,1422,7,04-07-2025
2200,940,22,06-04-2024
2201,126,40,24-04-2025
2202,1218,11,09-03-2024
2203,718,36,19-08-2024
2204,707,1,16-07-2024
2205,563,19,12-03-2025
2206,1197,20,11-01-2025
2207,1279,26,17-09-2024
2208,1150,35,18-10-2025
2209,1351,13,20-03-2024
2210,1214,10,15-04-2024
2211,1497,14,13-10-2024
2212,366,17,31-07-2025
2213,210,9,18-06-2025
2214,1203,25,04-12-2024
2215,1179,38,11-09-2025
2216,568,40,29-04-2025
2217,429,11,03-01-2024
2218,1605,15,09-08-2024
2219,188,40,30-05-2024
2220,294,11,01-05-2025
2221,1792,1,27-11-2024
2222,160,4,20-05-2024
2223,1048,29,11-03-2025
2224,1362,31,30-11-2024
2225,620,33,30-04-2024
2226,494,36,06-02-2025
2227,773,25,30-04-2025
2228,728,20,18-06-2025
2229,650,34,21-03-2024
2230,1809,39,07-08-2024
2231,1957,11,10-10-2025
2232,1708,18,26-05-2024
2233,1721,28,27-07-2025
2234,905,32,13-09-2024
2235,1404,8,25-07-2025
2236,1843,28,29-10-2025
2237,714,12,26-01-2024
2238,1774,24,22-04-2025
2239,1579,23,10-03-2025
2240,438,40,27-07-2025
2241,1795,13,26-01-2025
2242,767,12,11-01-2024
2243,402,29,04-01-2025
2244,1078,13,06-01-2024
2245,1201,20,02-12-2024
2246,193,24,16-09-2024
2247,1030,1,13-09-2025
2248,560,3,24-10-2025
2249,564,31,11-02-2025
2250,90,17,07-10-2024
2251,1281,4,08-08-2025
2252,1687,2,27-04-2025
2253,1245,30,17-05-2025
2254,356,31,25-10-2025
2255,1538,35,16-04-2024
2256,79,24,30-01-2024
2257,1256,10,30-06-2024
2258,1784,9,25-03-2024
2259,860,8,27-02-2024
2260,909,4,17-11-2024
2261,200,35,11-10-2024
2262,1747,13,01-11-2025
2263,1258,2,06-12-2024
2264,1715,21,22-06-2024
2265,1855,38,10-01-2025
2266,1058,1,16-02-2025
2267,853,4,07-03-2024
2268,396,33,31-05-2024
2269,1493,18,26-03-2024
2270,354,29,15-02-2024
2271,565,39,22-07-2024
2272,1411,33,23-02-2025
2273,355,1,14-11-2024
2274,561,36,25-12-2024
2275,242,22,22-04-2025
2276,1164,6,02-08-2025
2277,1906,30,31-03-2024
2278,239,6,05-07-2024
2279,1495,6,09-07-2024
2280,651,38,03-10-2025
2281,1978,2,22-06-2024
2282,1616,1,10-08-2024
2283,1307,24,16-04-2025
2284,167,16,11-11-2024
2285,1715,13,15-05-2024
2286,636,4,23-01-2025
2287,1446,19,01-07-2024
2288,572,9,01-08-2025
2289,647,27,19-08-2024
2290,1711,13,06-10-2024
2291,1810,13,30-06-2024
2292,605,17,26-03-2025
2293,542,6,16-05-2025
2294,728,38,07-01-2025
2295,715,34,05-04-2025
2296,1699,11,07-02-2024
2297,1945,38,29-01-2025
2298,319,35,05-08-2025
2299,432,28,21-12-2024
2300,1324,19,31-07-2024
2301,701,33,18-07-2025
2302,1700,18,02-04-2024
2303,1052,14,21-09-2024
2304,447,30,24-09-2024
2305,65,8,13-06-2025
2306,1349,12,01-05-2025
2307,287,30,23-08-2025
2308,662,24,31-07-2025
2309,774,38,04-02-2024
2310,661,7,06-10-2025
2311,735,1,11-06-2024
2312,864,31,08-12-2024
2313,690,7,10-07-2024
2314,1871,23,09-11-2024
2315,334,30,13-07-2025
2316,382,2,25-03-2025
2317,1658,40,12-04-2025
2318,1216,37,21-03-2025
2319,1497,26,29-04-2025
2320,1709,16,15-09-2024
2321,1482,24,07-09-2025
2322,692,31,14-02-2025
2323,615,3,27-08-2024
2324,1563,33,20-04-2024
2325,863,28,02-10-2024
2326,1954,37,14-02-2025
2327,1215,2,16-06-2024
2328,1049,11,03-11-2024
2329,1816,39,20-06-2025
2330,407,37,22-05-2024
2331,267,22,25-02-2024
2332,1988,6,12-11-2024
2333,1624,10,20-12-2024
2334,940,26,18-06-2024
2335,944,1,31-05-2024
2336,411,12,04-11-2024
2337,630,6,08-07-2024
2338,484,14,23-03-2025
2339,185,16,06-06-2024
2340,1403,36,18-01-2025
2341,11,31,12-06-2024
2342,706,7,27-04-2025
2343,1127,26,05-08-2024
2344,1870,31,20-01-2025
2345,1703,30,05-09-2024
2346,1563,7,31-01-2025
2347,264,21,16-05-2024
2348,819,21,16-10-2024
2349,1679,28,03-09-2025
2350,807,35,14-03-2024
2351,711,32,23-08-2025
2352,56,15,15-09-2025
2353,365,16,12-01-2025
2354,742,22,28-05-2025
2355,1686,1,17-09-2025
2356,1228,26,20-03-2024
2357,1323,15,21-05-2024
2358,1024,13,15-02-2024
2359,433,20,21-03-2025
2360,191,22,28-01-2025
2361,1340,12,11-03-2025
2362,309,19,14-11-2024
2363,793,31,05-02-2024
2364,535,27,02-07-2024
2365,335,26,13-06-2025
2366,1709,7,21-04-2025
2367,1652,6,20-12-2024
2368,1406,7,02-11-2025
2369,1767,26,13-01-2024
2370,330,21,11-05-2024
2371,1177,33,28-01-2025
2372,1406,30,12-01-2024
2373,996,26,08-03-2025
2374,1580,4,06-11-2024
2375,871,17,11-10-2025
2376,238,39,06-04-2025
2377,1029,24,29-04-2025
2378,1459,22,01-07-2025
2379,1991,24,24-04-2024
2380,1609,12,10-03-2025
2381,1089,25,22-03-2024
2382,308,1,11-12-2024
2383,1942,38,21-09-2024
2384,405,33,21-09-2025
2385,1491,30,21-03-2025
2386,100,30,15-10-2024
2387,82,8,16-05-2025
2388,943,24,21-02-2024
2389,1822,39,13-01-2025
2390,517,28,11-12-2024
2391,1383,19,25-01-2024
2392,1112,18,02-07-2024
2393,601,23,03-03-2025
2394,36,29,28-11-2024
2395,610,3,02-09-2025
2396,229,23,07-02-2024
2397,1089,26,11-09-2024
2398,359,6,01-07-2025
2399,194,9,28-05-2024
2400,1297,32,17-03-2025
2401,1829,18,19-12-2024
2402,1991,30,24-09-2025
2403,500,34,05-08-2025
2404,939,3,19-03-2024
2405,669,24,09-02-2024
2406,301,39,15-10-2025
2407,1664,7,26-01-2025
2408,1050,6,11-12-2024
2409,1900,20,08-03-2025
2410,821,2,07-07-2024
2411,1947,17,30-10-2025
2412,1522,6,19-03-2025
2413,1977,8,15-07-2024
2414,1170,17,06-11-2024
2415,1261,33,06-07-2025
2416,1750,16,20-02-2024
2417,767,37,29-04-2025
2418,441,28,08-10-2024
2419,1530,12,10-10-2024
2420,1028,3,11-09-2025
2421,817,12,18-10-2024
2422,559,1,20-02-2025
2423,425,2,28-02-2025
2424,1346,9,08-10-2024
2425,547,30,05-09-2025
2426,1619,21,09-04-2024
2427,454,15,19-01-2024
2428,1453,21,14-08-2024
2429,131,40,21-10-2024
2430,1492,39,16-04-2025
2431,1205,27,12-10-2025
2432,1220,22,08-07-2025
2433,797,31,25-07-2025
2434,26,22,14-12-2024
2435,655,23,31-03-2025
2436,311,30,25-05-2025
2437,432,35,23-06-2024
2438,1379,25,18-09-2024
2439,826,3,08-08-2025
2440,1982,6,08-10-2025
2441,997,36,19-12-2024
2442,171,14,26-06-2025
2443,757,20,25-10-2024
2444,1538,21,07-04-2025
2445,1382,30,31-01-2024
2446,320,40,21-08-2025
2447,342,40,26-12-2024
2448,1157,28,01-03-2025
2449,1567,2,17-10-2024
2450,1140,32,28-08-2024
2451,769,35,14-05-2024
2452,776,39,06-05-2024
2453,199,26,11-08-2024
2454,433,8,07-08-2025
2455,593,12,11-06-2024
2456,1571,26,17-07-2025
2457,837,23,10-08-2024
2458,857,39,12-10-2024
2459,655,24,07-10-2025
2460,217,21,29-05-2025
2461,1097,35,05-02-2025
2462,462,26,21-05-2025
2463,1550,30,20-10-2024
2464,1692,29,09-06-2024
2465,1893,12,13-02-2025
2466,591,1,29-06-2025
2467,1700,22,20-04-2025
2468,1344,12,10-04-2024
2469,786,38,30-10-2025
2470,857,27,24-02-2025
2471,387,2,25-09-2025
2472,460,9,16-09-2025
2473,1270,33,23-03-2024
2474,1228,37,22-02-2025
2475,1937,2,28-11-2024
2476,1249,16,19-06-2024
2477,1166,31,03-04-2024
2478,1950,24,24-01-2024
2479,1522,39,31-10-2025
2480,798,36,07-06-2025
2481,1769,13,14-06-2024
2482,938,24,02-09-2024
2483,359,31,23-07-2024
2484,661,9,27-10-2024
2485,133,2,30-07-2024
2486,1183,30,15-04-2025
2487,502,39,30-03-2025
2488,496,12,17-04-2025
2489,1025,8,10-09-2025
2490,1716,22,12-06-2024
2491,502,30,12-03-2024
2492,15,3,20-02-2025
2493,1776,34,26-04-2025
2494,1766,25,13-03-2024
2495,1604,27,23-09-2024
2496,1810,35,03-05-2024
2497,1466,39,24-10-2025
2498,1094,2,25-03-2025
2499,985,4,26-10-2024
2500,1663,26,10-02-2024
2501,745,26,07-06-2025
2502,1289,29,14-03-2025
2503,1613,8,16-04-2024
2504,299,17,16-08-2025
2505,1544,8,22-06-2024
2506,751,27,03-11-2025
2507,696,10,05-09-2024
2508,1630,31,03-08-2024
2509,542,7,03-12-2024
2510,1315,5,14-04-2025
2511,1842,32,07-09-2024
2512,1551,17,16-12-2024
2513,605,29,04-12-2024
2514,1613,29,21-09-2024
2515,1164,18,31-08-2025
2516,74,9,31-05-2024
2517,1069,19,27-01-2024
2518,453,24,31-07-2025
2519,743,19,10-11-2024
2520,1935,11,04-08-2025
2521,1299,20,01-05-2025
2522,1461,29,28-10-2024
2523,317,9,30-05-2024
2524,1245,19,28-01-2025
2525,527,15,29-01-2024
2526,1743,14,20-08-2025
2527,621,10,21-08-2025
2528,25,17,07-01-2025
2529,1477,33,13-06-2025
2530,832,31,25-09-2025
2531,1844,11,18-12-2024
2532,1319,10,24-08-2025
2533,1747,33,17-11-2024
2534,1072,24,22-01-2025
2535,1773,32,25-10-2025
2536,347,34,08-05-2025
2537,360,31,23-01-2025
2538,30,5,16-12-2024
2539,461,20,30-07-2024
2540,460,10,11-10-2024
2541,1247,8,27-10-2025
2542,404,23,25-05-2025
2543,941,37,15-10-2025
2544,1857,1,20-06-2025
2545,1840,15,26-07-2024
2546,745,3,12-02-2025
2547,1283,7,03-12-2024
2548,1040,5,04-10-2024
2549,1134,35,04-07-2025
2550,1788,6,27-02-2024
2551,915,37,19-06-2025
2552,508,16,19-09-2024
2553,1633,12,28-10-2025
2554,1757,16,21-08-2024
2555,1413,30,30-06-2024
2556,83,39,29-09-2024
2557,1131,18,03-04-2024
2558,1522,13,06-03-2024
2559,1856,9,19-06-2025
2560,621,4,31-07-2024
2561,467,16,22-08-2025
2562,1560,38,03-05-2025
2563,951,7,03-07-2025
2564,1806,4,22-11-2024
2565,1618,5,20-07-2024
2566,980,8,28-03-2025
2567,171,31,21-07-2024
2568,205,35,26-08-2025
2569,441,39,13-05-2025
2570,615,37,10-01-2024
2571,1192,28,24-04-2024
2572,1475,29,20-10-2025
2573,399,38,12-10-2025
2574,1259,30,01-01-2024
2575,516,27,07-09-2025
2576,555,32,08-10-2025
2577,362,22,03-06-2025
2578,990,33,17-10-2024
2579,1949,20,27-09-2024
2580,1777,35,11-09-2024
2581,699,18,28-07-2025
2582,1031,20,02-10-2025
2583,902,8,05-07-2024
2584,999,1,22-11-2024
2585,1830,33,26-04-2025
2586,1016,11,02-07-2024
2587,135,28,07-11-2024
2588,194,29,16-12-2024
2589,1307,35,06-07-2024
2590,397,7,25-08-2024
2591,437,20,28-05-2025
2592,626,21,27-06-2025
2593,967,7,03-11-2024
2594,1900,40,03-08-2024
2595,1170,10,27-11-2024
2596,321,13,09-02-2025
2597,1610,11,10-06-2024
2598,1250,11,29-11-2024
2599,1960,34,30-04-2025
2600,1339,39,02-03-2025
2601,1597,18,22-08-2024
2602,1911,17,28-04-2025
2603,1914,20,14-01-2025
2604,297,20,07-12-2024
2605,1489,23,18-11-2024
2606,922,20,11-03-2025
2607,1154,26,03-03-2025
2608,12,26,26-02-2024
2609,1984,27,28-12-2024
2610,1323,9,12-04-2025
2611,1571,18,20-01-2024
2612,1677,13,01-08-2024
2613,1356,17,28-10-2024
2614,1706,24,25-01-2024
2615,660,28,26-01-2025
2616,668,36,27-07-2025
2617,1514,13,08-08-2024
2618,1265,33,26-03-2025
2619,1754,18,19-04-2024
2620,153,16,13-06-2024
2621,667,31,30-08-2025
2622,963,3,03-02-2025
2623,1409,32,12-09-2024
2624,574,39,23-08-2025
2625,769,4,13-04-2024
2626,115,22,09-10-2024
2627,1102,24,24-03-2025
2628,1892,19,23-04-2024
2629,967,9,16-03-2024
2630,665,27,04-06-2024
2631,1790,10,26-08-2025
2632,613,37,23-07-2024
2633,1151,6,24-03-2025
2634,503,21,09-08-2025
2635,1120,17,24-07-2025
2636,1088,19,23-01-2024
2637,288,5,17-11-2024
2638,1961,24,01-04-2025
2639,1531,14,07-07-2024
2640,658,30,21-08-2024
2641,944,24,07-12-2024
2642,408,17,18-09-2024
2643,1237,2,23-05-2024
2644,245,27,13-03-2025
2645,812,32,19-02-2024
2646,1704,34,02-03-2024
2647,1870,33,17-01-2025
2648,34,37,23-03-2025
2649,66,33,30-11-2024
2650,1619,35,18-05-2025
2651,579,37,07-12-2024
2652,1300,5,18-03-2024
2653,1158,6,25-07-2025
2654,1599,8,28-06-2025
2655,325,33,30-03-2024
2656,1176,30,16-09-2025
2657,1332,13,15-03-2024
2658,1572,28,10-10-2024
2659,954,29,04-06-2024
2660,1333,22,15-03-2024
2661,373,37,13-12-2024
2662,930,34,18-03-2025
2663,1822,2,15-02-2025
2664,1178,19,07-01-2024
2665,1278,25,20-01-2024
2666,18,15,26-11-2024
2667,875,10,22-09-2024
2668,1753,15,21-08-2025
2669,1382,21,29-06-2025
2670,938,13,11-08-2025
2671,1896,23,13-08-2025
2672,313,13,31-05-2024
2673,423,20,04-07-2024
2674,207,2,30-06-2025
2675,1233,3,10-05-2024
2676,1107,23,11-03-2024
2677,671,21,23-08-2024
2678,1348,14,25-07-2024
2679,621,11,10-03-2025
2680,556,15,10-08-2024
2681,1582,23,28-01-2024
2682,282,29,06-05-2024
2683,1709,25,27-01-2024
2684,910,14,24-01-2025
2685,101,29,25-03-2025
2686,818,13,29-07-2024
2687,1579,25,27-08-2025
2688,1669,8,05-04-2024
2689,1986,12,02-06-2025
2690,1871,38,12-06-2025
2691,250,11,02-08-2024
2692,247,32,11-09-2025
2693,734,21,01-03-2025
2694,392,14,02-04-2024
2695,1638,33,03-01-2025
2696,979,17,04-06-2025
2697,230,30,17-01-2024
2698,15,25,06-03-2025
2699,820,7,29-12-2024
2700,739,20,07-03-2024
2701,890,20,22-08-2024
2702,1437,6,28-10-2025
2703,1319,25,27-04-2025
2704,33,18,24-10-2025
2705,1838,21,16-02-2024
2706,289,16,30-06-2024
2707,1157,1,11-05-2024
2708,1063,10,23-05-2024
2709,1424,31,09-02-2024
2710,126,39,02-08-2024
2711,1775,19,15-01-2025
2712,1265,27,10-06-2024
2713,859,12,27-06-2024
2714,1918,34,04-06-2024
2715,1520,12,08-01-2025
2716,1801,8,15-06-2024
2717,62,32,27-07-2024
2718,627,26,02-10-2025
2719,765,17,28-09-2025
2720,658,2,27-01-2024
2721,680,2,26-04-2025
2722,71,10,21-02-2025
2723,96,35,21-01-2025
2724,1562,39,21-06-2025
2725,348,11,12-04-2024
2726,31,23,16-08-2024
2727,189,27,08-03-2024
2728,231,31,20-04-2025
2729,851,35,26-03-2025
2730,276,39,14-10-2025
2731,2,20,02-05-2025
2732,962,17,11-05-2024
2733,662,35,09-01-2025
2734,1960,40,08-04-2024
2735,979,32,07-08-2025
2736,402,9,12-08-2024
2737,1055,9,26-05-2024
2738,462,6,07-04-2024
2739,1469,26,16-10-2024
2740,1817,40,17-04-2024
2741,512,15,13-09-2024
2742,379,20,02-12-2024
2743,1456,30,27-08-2025
2744,1065,34,14-08-2025
2745,1810,18,14-05-2024
2746,672,28,18-01-2025
2747,1355,10,16-08-2025
2748,1509,3,29-01-2025
2749,1295,4,21-07-2024
2750,374,1,26-05-2024
2751,1300,3,31-08-2024
2752,332,26,26-11-2024
2753,24,37,07-05-2025
2754,991,23,11-07-2024
2755,1288,37,19-02-2025
2756,926,14,09-04-2025
2757,1273,17,12-07-2025
2758,901,8,13-10-2024
2759,1343,33,11-12-2024
2760,691,12,18-09-2024
2761,699,32,16-07-2025
2762,935,7,16-12-2024
2763,1564,34,26-09-2024
2764,130,24,12-03-2025
2765,1316,2,10-07-2025
2766,259,7,20-08-2024
2767,1997,30,23-04-2024
2768,247,36,29-10-2024
2769,259,23,10-11-2024
2770,927,28,20-07-2025
2771,1925,6,31-05-2025
2772,374,26,07-06-2025
2773,400,10,15-08-2024
2774,1590,2,22-07-2024
2775,1503,23,22-06-2025
2776,1231,10,30-07-2025
2777,1762,34,21-06-2025
2778,97,35,06-01-2025
2779,1105,15,27-06-2025
2780,342,24,11-06-2024
2781,206,11,12-10-2025
2782,1300,40,19-08-2024
2783,1727,10,07-07-2025
2784,1930,40,10-03-2025
2785,1758,13,12-10-2024
2786,101,26,30-10-2024
2787,799,34,07-03-2025
2788,1831,31,24-04-2025
2789,660,9,03-11-2024
2790,1,5,14-09-2024
2791,1451,36,15-11-2024
2792,428,40,31-08-2025
2793,1965,5,01-03-2024
2794,1547,27,23-05-2024
2795,295,31,13-06-2024
2796,1566,16,04-02-2025
2797,1611,11,23-10-2025
2798,859,26,28-08-2025
2799,397,16,24-12-2024
2800,145,15,09-10-2024
2801,288,26,06-05-2024
2802,1487,38,04-06-2024
2803,422,29,25-05-2024
2804,1377,18,01-12-2024
2805,23,8,17-06-2025
2806,638,34,15-04-2024
2807,1581,39,27-04-2025
2808,476,29,01-11-2024
2809,1684,8,08-07-2025
2810,1522,40,10-04-2025
2811,315,5,15-12-2024
2812,1793,18,11-02-2024
2813,782,17,25-04-2024
2814,1284,30,12-03-2025
2815,1199,11,13-05-2025
2816,1554,19,18-08-2024
2817,1071,7,31-03-2024
2818,1499,39,05-09-2025
2819,1772,24,04-09-2024
2820,1781,32,18-03-2025
2821,864,4,15-10-2025
2822,216,18,09-10-2024
2823,1853,17,17-10-2025
2824,1041,22,05-03-2025
2825,1366,17,31-12-2024
2826,171,1,13-04-2024
2827,1461,32,05-09-2024
2828,1200,32,14-08-2024
2829,1211,28,29-09-2024
2830,213,32,28-07-2025
2831,1243,37,19-01-2025
2832,1243,34,26-01-2025
2833,87,39,20-04-2024
2834,1210,7,12-08-2025
2835,195,8,01-09-2024
2836,739,38,10-09-2025
2837,864,26,10-02-2024
2838,712,29,16-04-2025
2839,1175,34,08-02-2024
2840,1926,26,05-10-2025
2841,1525,28,27-01-2024
2842,443,37,04-07-2024
2843,50,22,11-04-2024
2844,599,27,30-01-2024
2845,1494,30,16-09-2024
2846,735,23,26-12-2024
2847,1994,16,10-10-2024
2848,914,4,28-11-2024
2849,939,17,13-06-2024
2850,429,36,14-07-2025
2851,1328,21,14-02-2025
2852,1543,23,25-06-2024
2853,1730,32,01-04-2024
2854,684,23,23-09-2025
2855,1103,15,20-11-2024
2856,1698,20,13-04-2024
2857,1873,6,16-10-2025
2858,832,21,28-09-2025
2859,1019,12,26-01-2025
2860,415,17,12-05-2025
2861,719,22,24-03-2025
2862,1835,24,12-06-2024
2863,1965,11,26-11-2024
2864,33,8,13-07-2024
2865,1192,20,02-06-2025
2866,1435,36,30-10-2024
2867,1550,36,05-07-2025
2868,365,26,25-09-2025
2869,1425,5,22-07-2024
2870,192,6,04-09-2025
2871,1874,26,26-09-2024
2872,299,22,29-06-2025
2873,725,26,16-05-2024
2874,1887,25,16-04-2024
2875,1731,19,20-09-2025
2876,1168,6,27-11-2024
2877,461,29,11-02-2024
2878,504,36,07-06-2024
2879,1368,18,27-01-2024
2880,1013,15,12-08-2024
2881,503,15,26-03-2025
2882,1327,14,28-05-2024
2883,26,19,06-09-2024
2884,1976,2,18-09-2025
2885,990,29,28-02-2025
2886,1140,36,04-08-2025
2887,394,27,09-07-2024
2888,1737,34,17-08-2025
2889,819,37,31-01-2025
2890,1530,17,07-01-2025
2891,1646,17,17-03-2025
2892,759,24,28-08-2024
2893,656,35,31-12-2024
2894,158,9,25-11-2024
2895,1762,16,05-07-2025
2896,1186,9,08-04-2024
2897,1879,33,02-05-2025
2898,1097,21,17-04-2024
2899,1654,39,21-08-2024
2900,1475,23,22-10-2025
2901,2000,36,17-08-2024
2902,953,18,11-08-2025
2903,1714,4,16-04-2025
2904,1268,29,24-05-2025
2905,1211,28,07-03-2024
2906,1953,11,23-01-2024
2907,1147,29,26-07-2025
2908,1332,4,21-12-2024
2909,977,10,06-03-2024
2910,1397,23,07-03-2024
2911,1956,18,06-08-2025
2912,517,2,04-09-2025
2913,1006,28,16-05-2024
2914,812,14,07-04-2025
2915,635,35,07-11-2024
2916,677,15,06-08-2025
2917,1636,33,20-02-2025
2918,296,35,23-08-2025
2919,645,1,16-09-2025
2920,109,23,24-08-2025
2921,246,5,20-09-2025
2922,131,34,27-02-2025
2923,1496,11,18-07-2024
2924,510,39,02-07-2024
2925,1712,12,31-01-2024
2926,1330,32,02-05-2024
2927,680,6,06-04-2024
2928,1938,26,10-08-2025
2929,1436,25,21-02-2025
2930,781,31,21-05-2024
2931,1736,22,06-07-2024
2932,197,20,29-12-2024
2933,364,28,15-09-2024
2934,1024,6,07-07-2024
2935,534,26,24-07-2024
2936,465,23,24-10-2025
2937,1297,6,13-12-2024
2938,926,7,20-06-2025
2939,528,2,12-09-2025
2940,125,36,01-03-2024
2941,1399,24,07-04-2024
2942,346,1,25-06-2025
2943,26,1,30-11-2024
2944,788,20,29-01-2024
2945,1639,37,30-07-2025
2946,768,5,25-06-2024
2947,387,40,25-05-2025
2948,373,35,11-08-2024
2949,1999,23,09-04-2024
2950,1787,10,06-09-2025
2951,767,37,30-06-2024
2952,1826,29,30-06-2024
2953,1040,10,31-03-2025
2954,63,40,09-02-2024
2955,1916,35,03-05-2024
2956,1654,20,25-10-2024
2957,221,23,03-07-2024
2958,1209,34,20-06-2024
2959,1844,7,24-05-2025
2960,396,39,07-06-2024
2961,1256,22,10-04-2025
2962,1902,36,02-02-2025
2963,1606,29,29-04-2024
2964,1370,36,08-03-2024
2965,693,16,09-01-2025
2966,290,16,17-05-2025
2967,386,26,12-02-2024
2968,734,4,06-05-2025
2969,1661,38,11-04-2024
2970,1737,34,03-04-2024
2971,1359,21,23-06-2025
2972,1154,37,28-06-2025
2973,1069,26,13-07-2025
2974,1318,13,16-10-2024
2975,657,9,03-04-2025
2976,1564,13,26-10-2024
2977,1934,28,17-02-2025
2978,892,25,25-03-2024
2979,1005,2,18-05-2025
2980,214,21,28-07-2025
2981,992,40,02-02-2025
2982,627,32,21-10-2024
2983,1579,4,24-06-2025
2984,1703,3,11-07-2024
2985,1940,6,10-11-2024
2986,1828,38,07-08-2025
2987,1112,12,18-10-2025
2988,643,4,01-07-2025
2989,58,4,06-11-2024
2990,789,13,26-12-2024
2991,1975,35,23-02-2024
2992,1688,28,04-06-2025
2993,1074,12,04-06-2025
2994,760,3,07-08-2024
2995,203,30,09-07-2024
2996,1828,15,23-11-2024
2997,150,14,22-05-2025
2998,424,37,17-10-2025
2999,1256,1,16-02-2024
3000,1889,25,29-07-2024
